source_label,target_label,source_wikidata,target_wikidata,classification,rules
def:absolute-continuity-of-measure,def:radon-nikodym-derivative,Q20827138,Q1191319,TP,D2
def:absolute-value,def:equivalent-absolute-values,Q120812,,TP,D2
def:absolute-value,def:non-archimedean-absolute-value,Q120812,,TP,D2
def:absolute-value,def:schwartz-space,Q120812,Q1369621,TP,D2
def:adjoint-of-a-linear-transformation,def:unitary-group-representation,Q2858846,,TP,D2
def:adjoint-representation-of-a-lie-algebra,def:inner-automorphism-of-a-lie-algebra,Q4379157,Q1139583,TP,D2
def:adjoint-representation-of-a-lie-algebra,def:outer-derivation,Q4379157,Q451323,TP,D2
def:algebra-ideal,def:generate-an-algebra-ideal,,,TP,D2
def:algebra-over-a-field,def:algebra-homomorphism,Q1000660,Q382497,TP,D2
def:algebra-over-a-field,def:algebra-ideal,Q1000660,,TP,D2
def:algebra-over-a-field,def:associative-algebra,Q1000660,Q744960,TP,D2
def:algebra-over-a-field,def:banach-algebra,Q1000660,,TP,D2
def:algebra-over-a-field,def:center-of-an-algebra,Q1000660,,TP,D2
def:algebra-over-a-field,def:derivation,Q1000660,Q451323,TP,D2
def:algebra-over-a-field,def:division-algebra,Q1000660,Q1231309,TP,D2
def:algebra-over-a-field,def:generate-an-algebra-ideal,Q1000660,,TP,D2
def:algebra-over-a-field,def:generate-an-associative-algebra,Q1000660,,TP,D2
def:algebra-over-a-field,def:left-algebra-ideal,Q1000660,,TP,D2
def:algebra-over-a-field,def:multiplicative-norm,Q1000660,,TP,D2
def:algebra-over-a-field,def:multiplicity-of-simple-module-in-semisimple-module,Q1000660,,TP,D2
def:algebra-over-a-field,def:right-algebra-ideal,Q1000660,,TP,D2
def:algebra-over-a-field,def:spectrum,Q1000660,,TP,D2
def:algebraic-extension,def:f-conjugate,,,TP,D2
def:algebraic-extension,def:galois-extension,,,TP,D2
def:algebraic-extension,def:normal-extension,,,TP,D2
def:algebraic-integer,def:quadratic-integers,,Q803531,TP,D2
def:algebraically-closed,def:multiplicity-of-simple-module-in-semisimple-module,,,TP,D2
def:algebraically-closed,def:normal-extension,,,TP,D2
def:almost-everywhere,def:lp-space,Q1139334,Q305936,TP,D2
def:associate-elements-in-an-integral-domain,def:unique-factorization-domain,,Q1052579,TP,D2
def:associative,def:algebra-over-a-field,Q177251,Q1000660,TP,D2
def:associative,def:associative-algebra,Q177251,Q744960,TP,D2
def:associative,def:category,Q177251,Q719395,TP,D2
def:associative,def:field,Q177251,Q190109,TP,D2
def:associative,def:group,Q177251,Q83478,TP,D2
def:associative,def:lattice,Q177251,,TP,D2
def:associative,def:semigroup,Q177251,Q207348,TP,D2
def:associative,def:vector-space,Q177251,Q125977,TP,D2
def:associative-algebra,def:division-algebra,Q744960,Q1231309,TP,D2
def:associative-algebra,def:quaternion-algebra,Q744960,Q173853,TP,D2
def:atlas,def:smooth-topological-m-dimensional-manifold-with-boundary,,Q78338964,TP,D2
def:automorphism,def:automorphism-group,Q782566,Q60790315,TP,D2
def:automorphism,def:general-linear-group,Q782566,Q524607,TP,D2
def:automorphism,def:inner-automorphism-of-a-group,Q782566,Q1139583,TP,D2
def:automorphism,def:inner-automorphism-of-a-lie-algebra,Q782566,Q1139583,TP,D2
def:automorphism-group,def:fixed-field,Q60790315,,TP,D2
def:automorphism-group,def:galois-extension,Q60790315,,TP,D2
def:automorphism-group,def:semidirect-product,Q60790315,Q291126,TP,D2
def:banach-algebra,def:absolute-convergence,,Q332465,TP,D2
def:banach-algebra,def:radius-of-convergence,,,TP,D2
def:based-topological-space,def:wedge-sum,,Q1781358,TP,D2
def:basis,def:complexification-of-a-vector-space,Q189569,Q445569,TP,D2
def:basis,def:dimension-of-vector-space,Q189569,Q929302,TP,D2
def:basis,def:structure-constants,Q189569,Q7625098,TP,D2
def:basis,def:symplectic-algebra,Q189569,,TP,D2
def:bijective,def:algebra-homomorphism,Q180907,Q382497,TP,D2
def:bijective,def:cardinal-number,Q180907,,TP,D2
def:bijective,def:countable,Q180907,,TP,D2
def:bijective,def:diffeomorphism,Q180907,Q1058314,TP,D2
def:bijective,def:equivalent-group-representations,Q180907,,TP,D2
def:bijective,def:equivariant-map,Q180907,Q256355,TP,D2
def:bijective,def:general-linear-group,Q180907,Q524607,TP,D2
def:bijective,def:group-homomorphism,Q180907,Q868169,TP,D2
def:bijective,def:homeomorphism,Q180907,Q202906,TP,D2
def:bijective,def:isomorphism-of-group-representations,Q180907,Q189112,TP,D2
def:bijective,def:isomorphism-of-lie-groups,Q180907,Q189112,TP,D2
def:bijective,def:lie-algebra-homomorphism,Q180907,Q3882299,TP,D2
def:bijective,def:linear-transformation,Q180907,Q207643,TP,D2
def:bijective,def:module-homomorphism,Q180907,Q215111,TP,D2
def:bijective,def:permutation,Q180907,Q161519,TP,D2
def:bijective,def:ring-homomorphism,Q180907,Q1194212,TP,D2
def:bijective,def:symmetric-group,Q180907,Q849512,TP,D2
def:binary-operation,def:algebra-over-a-field,Q164307,Q1000660,TP,D2
def:binary-operation,def:associative,Q164307,Q177251,TP,D2
def:binary-operation,def:associative-algebra,Q164307,Q744960,TP,D2
def:binary-operation,def:commutative,Q164307,Q165474,TP,D2
def:binary-operation,def:complex-numbers,Q164307,,TP,D2
def:binary-operation,def:division-algebra,Q164307,Q1231309,TP,D2
def:binary-operation,def:field,Q164307,Q190109,TP,D2
def:binary-operation,def:generating-set-of-a-group,Q164307,Q734209,TP,D2
def:binary-operation,def:group,Q164307,Q83478,TP,D2
def:binary-operation,def:group-homomorphism,Q164307,Q868169,TP,D2
def:binary-operation,def:identity-element,Q164307,Q185813,TP,D2
def:binary-operation,def:lattice,Q164307,,TP,D2
def:binary-operation,def:left-coset,Q164307,Q751969,TP,D2
def:binary-operation,def:left-identity-element,Q164307,Q185813,TP,D2
def:binary-operation,def:lie-algebra,Q164307,Q664495,TP,D2
def:binary-operation,def:magma,Q164307,Q679903,TP,D2
def:binary-operation,def:matrix-multiplication,Q164307,Q1049914,TP,D2
def:binary-operation,def:right-identity-element,Q164307,Q185813,TP,D2
def:binary-operation,def:ring,Q164307,Q161172,TP,D2
def:binary-operation,def:rng,Q164307,Q17102802,TP,D2
def:binary-operation,def:semigroup,Q164307,Q207348,TP,D2
def:binary-operation,def:special-linear-group,Q164307,Q2140900,TP,D2
def:binary-operation,def:subgroup,Q164307,Q466109,TP,D2
def:binary-operation,def:topological-field,Q164307,Q10260753,TP,D2
def:binary-operation,def:topological-group,Q164307,Q1046291,TP,D2
def:binary-operation,def:unital-subring,Q164307,Q929536,TP,D2
def:binary-relation,def:equivalence-relation,Q130901,Q130998,TP,D2
def:binary-relation,def:homogeneous-relation,Q130901,,TP,D2
def:binary-relation,def:reflexive,Q130901,Q621850,TP,D2
def:binary-relation,def:symmetric,Q130901,Q621461,TP,D2
def:binary-relation,def:transitive,Q130901,Q64861,TP,D2
def:borel-σ-algebra,def:haar-integral,Q1080067,,TP,D2
def:borel-σ-algebra,def:locally-finite-measure,Q1080067,Q2136937,TP,D2
def:borel-σ-algebra,def:radon-measure,Q1080067,Q2126650,TP,D2
def:borel-σ-algebra,def:symmetric-derivative,Q1080067,Q3773126,TP,D2
def:boundary,def:harmonic-function,Q875399,Q599027,TP,D2
def:boundary,def:locally-finite-graph,Q875399,,TP,D2
def:boundary-points-of-a-manifold,def:outward-pointing,Q875399,Q2748415,TP,D2
def:bounded,def:lower-integral,Q726212,,TP,D2
def:bounded,def:lower-sum,Q726212,,TP,D2
def:bounded,def:rectifiable,Q726212,Q3038340,TP,D2
def:bounded,def:riemann-integrable,Q726212,Q697181,TP,D2
def:bounded,def:upper-integral,Q726212,,TP,D2
def:bounded,def:upper-sum,Q726212,,TP,D2
def:cardinal-number,def:countable,,,TP,D2
def:cardinal-number,def:dimension-of-vector-space,,Q929302,TP,D2
def:cardinal-number,def:order-of-a-group,,Q18408315,TP,D2
def:cardinal-number,def:order-of-a-group-element,,Q54555759,TP,D2
def:cardinal-number,def:rule-of-product,,Q557624,TP,D2
def:cardinal-number,def:rule-of-sum,,Q2360148,TP,D2
def:cardinal-number,def:symmetric-group,,Q849512,TP,D2
def:cardinal-number,def:uncountable,,,TP,D2
def:category,def:category-of-sets,Q719395,Q2518298,TP,D2
def:category,def:category-of-topological-spaces,Q719395,,TP,D2
def:category,def:discrete-category,Q719395,Q1228851,TP,D2
def:category,def:epimorphism,Q719395,Q1347208,TP,D2
def:category,def:functor,Q719395,Q864475,TP,D2
def:category,def:group,Q719395,Q83478,TP,D2
def:category,def:monomorphism,Q719395,Q1945067,TP,D2
def:category,def:opposite-category,Q719395,Q7098616,TP,D2
def:category,def:skeleton-of-a-category,Q719395,Q2291918,TP,D2
def:category,def:small-category,Q719395,Q19619110,TP,D2
def:cauchy-sequence,def:absolute-convergence,Q217847,Q332465,TP,D2
def:cauchy-sequence,def:complete-metric-space,Q217847,Q848569,TP,D2
def:center-of-a-group,def:upper-central-series,Q1195852,,TP,D2
def:character-of-a-representation,def:character-table,,Q11498021,TP,D2
def:characteristic-of-a-field,def:frobenius-endomorphism,,,TP,D2
def:characteristic-of-a-field,def:perfect-field,,,TP,D2
def:chart,def:atlas,Q3828144,,TP,D2
def:chart,def:boundary-points-of-a-manifold,Q3828144,Q875399,TP,D2
def:chart,def:interior-points-of-a-manifold,Q3828144,Q862761,TP,D2
def:chart,def:smooth-topological-m-dimensional-manifold-with-boundary,Q3828144,Q78338964,TP,D2
def:chart,def:transition-function,Q3828144,,TP,D2
def:circle-group,def:pontryagin-dual,Q105356493,Q1632419,TP,D2
def:class,def:complex-line-integral,Q2138760,,TP,D2
def:class,def:critical-value,Q2138760,Q3754024,TP,D2
def:class,def:diffeomorphism,Q2138760,Q1058314,TP,D2
def:class,def:embedding,Q2138760,Q980509,TP,D2
def:class,def:hessian-matrix,Q2138760,Q620495,TP,D2
def:class,def:laplacian,Q2138760,Q203484,TP,D2
def:class,def:laurent-series,Q2138760,,TP,D2
def:class,def:smooth,Q2138760,Q868473,TP,D2
def:class-function,def:character-table,,Q11498021,TP,D2
def:closed,def:closed-half-space,Q320357,Q644719,TP,D2
def:closed,def:closure,Q320357,Q320346,TP,D2
def:closed,def:compact-linear-transformation,Q320357,Q1780743,TP,D2
def:closed,def:compactly-closed,Q320357,,TP,D2
def:closed,def:discrete-topology,Q320357,Q91267214,TP,D2
def:closed,def:opposite-topology,Q320357,,TP,D2
def:closed,def:partition-of-a-rectangle,Q320357,,TP,D2
def:closed,def:perfect-set,Q320357,Q7168101,TP,D2
def:closed,def:t1-space,Q320357,,TP,D2
def:closed,def:weak-hausdorff,Q320357,Q7977932,TP,D2
def:closed-edge-path,def:tree,Q4558786,Q272735,TP,D2
def:closed-half-space,def:chart,Q644719,Q3828144,TP,D2
def:closed-half-space,def:embedded-m-dimensional-manifold-with-boundary,Q644719,Q1333611,TP,D2
def:closed-half-space,def:interior-points-of-a-manifold,Q644719,Q862761,TP,D2
def:closed-half-space,def:outward-pointing,Q644719,Q2748415,TP,D2
def:closed-half-space,def:topological-m-dimensional-manifold-with-boundary,Q644719,Q203920,TP,D2
def:closure,def:boundary,Q320346,Q875399,TP,D2
def:closure,def:compact-linear-transformation,Q320346,Q1780743,TP,D2
def:closure,def:compact-support,Q320346,,TP,D2
def:closure,def:dense,Q320346,Q673444,TP,D2
def:closure,def:exterior,Q320346,Q1322786,TP,D2
def:closure,def:nowhere-dense,Q320346,Q1991405,TP,D2
def:comeager,def:typical,Q97623888,,TP,D2
def:commutative,def:abelian-group,Q165474,Q181296,TP,D2
def:commutative,def:algebra-homomorphism,Q165474,Q382497,TP,D2
def:commutative,def:algebra-ideal,Q165474,,TP,D2
def:commutative,def:algebra-over-a-field,Q165474,Q1000660,TP,D2
def:commutative,def:coprime,Q165474,Q104752,TP,D2
def:commutative,def:division-in-a-ring,Q165474,Q1226939,TP,D2
def:commutative,def:field,Q165474,Q190109,TP,D2
def:commutative,def:fraction-ring,Q165474,,TP,D2
def:commutative,def:greatest-common-divisor,Q165474,Q131752,TP,D2
def:commutative,def:inner-product,Q165474,Q23924662,TP,D2
def:commutative,def:integral-domain,Q165474,Q628792,TP,D2
def:commutative,def:lattice,Q165474,,TP,D2
def:commutative,def:matrix-multiplication,Q165474,Q1049914,TP,D2
def:commutative,def:polynomial-ring,Q165474,Q1455652,TP,D2
def:commutative,def:product-of-ring-ideals,Q165474,,TP,D2
def:commutative,def:vector-space,Q165474,Q125977,TP,D2
def:commutator-subgroup,def:abelianization,Q522216,Q318598,TP,D2
def:commutator-subgroup,def:derived-series-of-a-group,Q522216,,TP,D2
def:commutator-subgroup,def:lower-central-series,Q522216,Q109314515,TP,D2
def:compact,def:cantor-set,Q381892,Q273188,TP,D2
def:compact,def:compact-lie-group,Q381892,,TP,D2
def:compact,def:compact-linear-transformation,Q381892,Q1780743,TP,D2
def:compact,def:compact-support,Q381892,,TP,D2
def:compact,def:compactly-closed,Q381892,,TP,D2
def:compact,def:haar-integral,Q381892,,TP,D2
def:compact,def:l2-inner-product-on-group-functions,Q381892,,TP,D2
def:compact,def:simple-region,Q381892,,TP,D2
def:compact,def:volume-of-compact-topological-space,Q381892,,TP,D2
def:compact,def:weak-hausdorff,Q381892,Q7977932,TP,D2
def:compact-support,def:haar-integral,,,TP,D2
def:compact-support,def:partition-of-unity,,Q191690,TP,D2
def:compact-support,def:schwartz-space,,Q1369621,TP,D2
def:complete-metric-space,def:absolute-convergence,Q848569,Q332465,TP,D2
def:complete-metric-space,def:banach-algebra,Q848569,,TP,D2
def:complete-metric-space,def:banach-space,Q848569,Q194397,TP,D2
def:complete-metric-space,def:hilbert-space,Q848569,Q190056,TP,D2
def:complete-metric-space,def:metric-completion,Q848569,,TP,D2
def:complex-conjugate,def:conjugate-transpose,Q381040,Q2051983,TP,D2
def:complex-integral,def:complex-line-integral,,,TP,D2
def:complex-integral,def:mean-value-property,,,TP,D2
def:complex-line-integral,def:winding-number,,,TP,D2
def:complex-numbers,def:argument,,,TP,D2
def:complex-numbers,def:circle-group,,Q105356493,TP,D2
def:complex-numbers,def:complex-conjugate,,Q381040,TP,D2
def:complex-numbers,def:complex-differentiability,,,TP,D2
def:complex-numbers,def:complex-integral,,,TP,D2
def:complex-symplectic-group,def:compact-symplectic-group,,Q78484790,TP,D2
def:component-function,def:jacobian-matrix,,Q506041,TP,D2
def:component-interval,def:mesh,,,TP,D2
def:component-interval,def:partition-of-a-rectangle,,,TP,D2
def:component-interval,def:subrectangle,,,TP,D2
def:component-interval,def:volume,,Q39297,TP,D2
def:component-interval,def:width,,Q35059,TP,D2
def:composition-series-of-a-module,def:finite-length-r-module,Q2525646,Q1761084,TP,D2
def:conjugacy-classes,def:character-table,Q1353233,Q11498021,TP,D2
def:conjugacy-classes,def:class-function,Q1353233,,TP,D2
def:conjugate-transpose,def:unitary-matrix,Q2051983,Q727103,TP,D2
def:connected,def:harmonic-function,Q1491995,Q599027,TP,D2
def:connected,def:laplacian,Q1491995,Q203484,TP,D2
def:connected-component,def:identity-component,Q91050456,Q5988368,TP,D2
def:connected-component,def:totally-disconnected,Q91050456,Q1544261,TP,D2
def:connected-graph,def:tree,Q230655,Q272735,TP,D2
def:continuous,def:baire-class,Q170058,Q2976036,TP,D2
def:continuous,def:category-of-topological-spaces,Q170058,,TP,D2
def:continuous,def:class,Q170058,Q2138760,TP,D2
def:continuous,def:complex-line-integral,Q170058,,TP,D2
def:continuous,def:continuous-group-representation,Q170058,,TP,D2
def:continuous,def:g-space,Q170058,,TP,D2
def:continuous,def:haar-integral,Q170058,,TP,D2
def:continuous,def:homeomorphism,Q170058,Q202906,TP,D2
def:continuous,def:homomorphism-of-lie-groups,Q170058,Q868169,TP,D2
def:continuous,def:identity-component,Q170058,Q5988368,TP,D2
def:continuous,def:induced-homomorphism-on-fundamental-group,Q170058,,TP,D2
def:continuous,def:isolated-singularity,Q170058,,TP,D2
def:continuous,def:isomorphism-of-lie-groups,Q170058,Q189112,TP,D2
def:continuous,def:l2-inner-product-on-group-functions,Q170058,,TP,D2
def:continuous,def:path,Q170058,Q1366002,TP,D2
def:continuous,def:path-connected,Q170058,Q3487687,TP,D2
def:continuous,def:pontryagin-dual,Q170058,Q1632419,TP,D2
def:continuous,def:simple-region,Q170058,,TP,D2
def:continuous,def:simply-connected,Q170058,Q912058,TP,D2
def:continuous,def:smooth,Q170058,Q868473,TP,D2
def:continuous,def:topological-field,Q170058,Q10260753,TP,D2
def:continuous,def:topological-group,Q170058,Q1046291,TP,D2
def:continuous,def:topological-ring,Q170058,Q922339,TP,D2
def:continuous,def:winding-number,Q170058,,TP,D2
def:coprime,def:euler's-totient-function,Q104752,Q190026,TP,D2
def:countable,def:baire-space,,,TP,D2
def:countable,def:lebesgue-outer-measure,,Q25447455,TP,D2
def:countable,def:meager,,Q1747745,TP,D2
def:countable,def:measure-space,,Q3058212,TP,D2
def:countable,def:uncountable,,,TP,D2
def:countable,def:σ-algebra,,Q217357,TP,D2
def:critical-point,def:critical-value,Q577705,Q3754024,TP,D2
def:cycle,def:cycle-type,Q212130,,TP,D2
def:cycle,def:transposition,Q212130,Q2666112,TP,D2
def:cyclic-group,def:order-of-a-group-element,Q245462,Q54555759,TP,D2
def:cyclic-group,def:primitive-root-of-unity,Q245462,,TP,D2
def:cyclic-group,def:rank-of-a-finitely-generated-abelian-group,Q245462,Q1260803,TP,D2
def:degree-of-field-extension,def:galois-extension,,,TP,D2
def:degree-of-field-extension,def:quadratic-field-extension,,,TP,D2
def:degree-of-field-extension,def:quadratic-integers,,Q803531,TP,D2
def:degree-of-polynomial,def:degree-of-field-extension,Q1473607,,TP,D2
def:degree-of-polynomial,def:quadratic-integers,Q1473607,Q803531,TP,D2
def:dense,def:baire-space,Q673444,,TP,D2
def:dense,def:metric-completion,Q673444,,TP,D2
def:dense,def:separable-metric-space,Q673444,Q680081,TP,D2
def:derivation,def:outer-derivation,Q451323,Q451323,TP,D2
def:derived-series-of-a-lie-algebra,def:descending-central-series,,Q109314515,TP,D2
def:derived-series-of-a-lie-algebra,def:solvable-lie-algebra,,Q7558992,TP,D2
def:descending-central-series,def:nilpotent-lie-algebra,Q109314515,Q15148889,TP,D2
def:determinant,def:characteristic-polynomial,Q178546,Q849705,TP,D2
def:determinant,def:jacobian-determinant,Q178546,Q1474543,TP,D2
def:determinant,def:orientation-preserving,Q178546,,TP,D2
def:determinant,def:schur-polynomials,Q178546,,TP,D2
def:determinant,def:sign-of-permutation,Q178546,Q1064405,TP,D2
def:determinant,def:special-linear-group,Q178546,Q2140900,TP,D2
def:determinant,def:special-orthogonal-group,Q178546,Q3117934,TP,D2
def:determinant,def:special-unitary-group,Q178546,Q684363,TP,D2
def:diameter-of-a-set,def:bounded,,Q726212,TP,D2
def:diameter-of-a-set,def:contracting-sequence-of-sets-in-a-metric-space,,Q1131116,TP,D2
def:diameter-of-a-set,def:regular-family,,,TP,D2
def:diameter-of-a-set,def:vitali-covering,,Q3229352,TP,D2
def:diffeomorphism,def:orientation-preserving,Q1058314,,TP,D2
def:diffeomorphism,def:smooth-topological-m-dimensional-manifold-with-boundary,Q1058314,Q78338964,TP,D2
def:differentiable,def:class,Q636889,Q2138760,TP,D2
def:differentiable,def:complex-line-integral,Q636889,,TP,D2
def:differentiable,def:critical-point,Q636889,Q577705,TP,D2
def:differentiable,def:differentiability-in-closed-half-space,Q636889,,TP,D2
def:differentiable,def:embedded-m-dimensional-manifold-with-boundary,Q636889,Q1333611,TP,D2
def:differentiable,def:embedding,Q636889,Q980509,TP,D2
def:differentiable,def:gradient,Q636889,Q173582,TP,D2
def:differentiable,def:jacobian-determinant,Q636889,Q1474543,TP,D2
def:differentiable,def:jacobian-matrix,Q636889,Q506041,TP,D2
def:differentiable,def:logarithmic-derivative,Q636889,,TP,D2
def:differentiable,def:orientation-preserving,Q636889,,TP,D2
def:differentiable,def:smooth,Q636889,Q868473,TP,D2
def:differentiable,def:tangent-space,Q636889,Q909601,TP,D2
def:differential-k-form,def:orientable,Q1047080,Q2748415,TP,D2
def:dimension-of-group-representation,def:character-of-a-representation,Q929302,,TP,D2
def:dimension-of-vector-space,def:adjugate,Q929302,Q225107,TP,D2
def:dimension-of-vector-space,def:continuous-group-representation,Q929302,,TP,D2
def:dimension-of-vector-space,def:degree-of-field-extension,Q929302,,TP,D2
def:dimension-of-vector-space,def:determinant,Q929302,Q178546,TP,D2
def:dimension-of-vector-space,def:dimension-of-group-representation,Q929302,Q929302,TP,D2
def:dimension-of-vector-space,def:field-extension,Q929302,,TP,D2
def:dimension-of-vector-space,def:functional,Q929302,Q579600,TP,D2
def:dimension-of-vector-space,def:general-linear-algebra,Q929302,Q17521172,TP,D2
def:dimension-of-vector-space,def:general-linear-group,Q929302,Q524607,TP,D2
def:dimension-of-vector-space,def:group-representation,Q929302,Q1055807,TP,D2
def:dimension-of-vector-space,def:lie-algebra-representation,Q929302,Q1136782,TP,D2
def:dimension-of-vector-space,def:multiplicity-of-simple-module-in-semisimple-module,Q929302,,TP,D2
def:dimension-of-vector-space,def:nullity,Q929302,Q2914509,TP,D2
def:dimension-of-vector-space,def:quaternion-algebra,Q929302,Q173853,TP,D2
def:dimension-of-vector-space,def:rank,Q929302,Q656784,TP,D2
def:dimension-of-vector-space,def:special-linear-algebra,Q929302,Q7574831,TP,D2
def:dimension-of-vector-space,def:symplectic-algebra,Q929302,,TP,D2
def:dimension-of-vector-space,def:trace,Q929302,Q321102,TP,D2
def:direct-sum-of-group-representations,def:complete-reducibility,Q13582243,,TP,D2
def:direct-sum-of-group-representations,def:isotypic-component,Q13582243,Q17098238,TP,D2
def:direct-sum-of-group-representations,def:semisimple-representation-of-a-lie-algebra,Q13582243,Q81376506,TP,D2
def:direct-sum-of-lie-algebras,def:direct-sum-decomposition-of-a-lie-algebra,Q13582243,Q13582243,TP,D2
def:direct-sum-of-modules,def:direct-sum-of-module-homomorphisms,Q1142861,,TP,D2
def:direct-sum-of-modules,def:semisimple-module,Q1142861,Q1485102,TP,D2
def:division-in-a-ring,def:greatest-common-divisor,Q1226939,Q131752,TP,D2
def:division-in-a-ring,def:prime-element-of-an-integral-domain,Q1226939,Q240651,TP,D2
def:division-in-a-ring,def:prime-number,Q1226939,Q49008,TP,D2
def:division-ring,def:field,Q650741,Q190109,TP,D2
def:dual-space,def:differential-k-form,Q752487,Q1047080,TP,D2
def:dual-space,def:dual-representation-of-a-lie-algebra,Q752487,Q3427408,TP,D2
def:dual-space,def:trace,Q752487,Q321102,TP,D2
def:dual-space,def:weak-convergence,Q752487,Q20850777,TP,D2
def:edge-path,def:closed-edge-path,Q1415372,Q4558786,TP,D2
def:edge-path,def:connected-graph,Q1415372,Q230655,TP,D2
def:edge-path,def:reduced-edge-path,Q1415372,,TP,D2
def:edge-path,def:tree,Q1415372,Q272735,TP,D2
def:elementary-abelian-p-group,def:basis-for-abelian-group,Q1017231,Q810193,TP,D2
def:elementary-abelian-p-group,def:linearly-independent-group-elements,Q1017231,Q27670,TP,D2
def:embedded-m-dimensional-manifold,def:lie-group,Q203920,Q622679,TP,D2
def:embedded-m-dimensional-manifold,def:tangent-space,Q203920,Q909601,TP,D2
def:embedded-m-dimensional-manifold-with-boundary,def:orientable,Q1333611,Q2748415,TP,D2
def:embedded-m-dimensional-manifold-with-boundary,def:orientation,Q1333611,Q2748415,TP,D2
def:embedded-m-dimensional-manifold-with-boundary,def:oriented-manifold,Q1333611,,TP,D2
def:endomorphism,def:special-linear-algebra,Q1340800,Q7574831,TP,D2
def:endomorphism,def:symplectic-algebra,Q1340800,,TP,D2
def:equivalence-class,def:connected-component,Q1211071,Q91050456,TP,D2
def:equivalence-class,def:fundamental-group,Q1211071,Q662830,TP,D2
def:equivalence-class,def:orbit,Q1211071,Q17859776,TP,D2
def:equivalence-class,def:orientation,Q1211071,Q2748415,TP,D2
def:equivalence-class,def:quotient-by-equivalence-relation,Q1211071,Q3966112,TP,D2
def:equivalence-class,def:quotient-by-subgroup,Q1211071,Q1138961,TP,D2
def:equivalence-class,def:quotient-ring,Q1211071,Q619436,TP,D2
def:equivalence-class,def:quotient-vector-space,Q1211071,Q1393796,TP,D2
def:equivalence-class,def:skeleton-of-a-category,Q1211071,Q2291918,TP,D2
def:equivalence-class,def:stirling-numbers-of-the-second-kind,Q1211071,Q2601117,TP,D2
def:equivalence-class,def:unique-factorization-domain,Q1211071,Q1052579,TP,D2
def:equivalence-relation,def:connected-component,Q130998,Q91050456,TP,D2
def:equivalence-relation,def:equivalence-class,Q130998,Q1211071,TP,D2
def:equivalence-relation,def:lp-space,Q130998,Q305936,TP,D2
def:equivalence-relation,def:orbit,Q130998,Q17859776,TP,D2
def:equivalence-relation,def:quotient-by-equivalence-relation,Q130998,Q3966112,TP,D2
def:equivalence-relation,def:quotient-by-normal-subgroup,Q130998,Q1138961,TP,D2
def:equivalence-relation,def:quotient-of-topological-spaces,Q130998,Q1139111,TP,D2
def:equivalence-relation,def:quotient-ring,Q130998,Q619436,TP,D2
def:equivalence-relation,def:quotient-vector-space,Q130998,Q1393796,TP,D2
def:equivalence-relation,def:real-projective-space,Q130998,,TP,D2
def:equivalence-relation,def:stirling-numbers-of-the-second-kind,Q130998,Q2601117,TP,D2
def:essential-supremum,def:essentially-bounded,Q1969054,Q1969054,TP,D2
def:essential-supremum,def:lp-space,Q1969054,Q305936,TP,D2
def:euclidean-domain,def:gaussian-integers,Q867345,Q724975,TP,D2
def:euclidean-inner-product,def:real-symplectic-group,Q181365,Q936434,TP,D2
def:exterior-power-of-a-vector-space,def:adjugate,Q13408581,Q225107,TP,D2
def:exterior-power-of-a-vector-space,def:differential-k-form,Q13408581,Q1047080,TP,D2
def:exterior-power-of-a-vector-space,def:exterior-power-of-group-representations,Q13408581,Q13408581,TP,D2
def:exterior-power-of-a-vector-space,def:exterior-power-of-linear-transformation,Q13408581,Q13408581,TP,D2
def:exterior-power-of-linear-transformation,def:minor,Q13408581,Q1341061,TP,D2
def:field,def:absolute-value,Q190109,Q120812,TP,D2
def:field,def:affine-transformations,Q190109,Q382497,TP,D2
def:field,def:algebra-homomorphism,Q190109,Q382497,TP,D2
def:field,def:algebra-over-a-field,Q190109,Q1000660,TP,D2
def:field,def:algebraically-closed,Q190109,,TP,D2
def:field,def:center-of-an-algebra,Q190109,,TP,D2
def:field,def:character-of-a-representation,Q190109,,TP,D2
def:field,def:characteristic-of-a-field,Q190109,,TP,D2
def:field,def:complexification-of-a-vector-space,Q190109,Q445569,TP,D2
def:field,def:composite-field-extension,Q190109,,TP,D2
def:field,def:discriminant,Q190109,,TP,D2
def:field,def:division-algebra,Q190109,Q1231309,TP,D2
def:field,def:equivalent-absolute-values,Q190109,,TP,D2
def:field,def:f-conjugate,Q190109,,TP,D2
def:field,def:field-embedding,Q190109,,TP,D2
def:field,def:field-extension,Q190109,,TP,D2
def:field,def:fixed-field,Q190109,,TP,D2
def:field,def:fraction-ring,Q190109,,TP,D2
def:field,def:frobenius-endomorphism,Q190109,,TP,D2
def:field,def:functional,Q190109,Q579600,TP,D2
def:field,def:galois-group-of-a-polynomial,Q190109,,TP,D2
def:field,def:generate-an-associative-algebra,Q190109,,TP,D2
def:field,def:invariant-polynomials-under-group-action,Q190109,,TP,D2
def:field,def:lie-algebra,Q190109,Q664495,TP,D2
def:field,def:module-over-a-lie-algebra,Q190109,Q18848,TP,D2
def:field,def:multiplicative-character,Q190109,Q17099189,TP,D2
def:field,def:multiplicity-of-simple-module-in-semisimple-module,Q190109,,TP,D2
def:field,def:non-archimedean-absolute-value,Q190109,,TP,D2
def:field,def:normal-extension,Q190109,,TP,D2
def:field,def:perfect-field,Q190109,,TP,D2
def:field,def:prime-subfield,Q190109,,TP,D2
def:field,def:schwartz-space,Q190109,Q1369621,TP,D2
def:field,def:separable-field,Q190109,,TP,D2
def:field,def:solvability-by-radicals,Q190109,,TP,D2
def:field,def:spectrum,Q190109,,TP,D2
def:field,def:splitting-field,Q190109,,TP,D2
def:field,def:topological-field,Q190109,Q10260753,TP,D2
def:field,def:transcendental,Q190109,,TP,D2
def:field,def:vector-space,Q190109,Q125977,TP,D2
def:field-embedding,def:normal-extension,,,TP,D2
def:field-extension,def:abelian-extension,,,TP,D2
def:field-extension,def:algebraic-extension,,,TP,D2
def:field-extension,def:composite-field-extension,,,TP,D2
def:field-extension,def:degree-of-field-extension,,,TP,D2
def:field-extension,def:field-embedding,,,TP,D2
def:field-extension,def:galois-extension,,,TP,D2
def:field-extension,def:generate-a-field,,,TP,D2
def:field-extension,def:normal-extension,,,TP,D2
def:field-extension,def:quadratic-field-extension,,,TP,D2
def:field-extension,def:separable-field,,,TP,D2
def:field-extension,def:simple-field-extension,,,TP,D2
def:field-extension,def:solvability-by-radicals,,,TP,D2
def:field-extension,def:splitting-field,,,TP,D2
def:field-extension,def:transcendental,,,TP,D2
def:free-module,def:rank-of-a-module,Q1292333,,TP,D2
def:free-module,def:schur-polynomials,Q1292333,,TP,D2
def:functional,def:haar-integral,Q579600,,TP,D2
def:fundamental-group,def:induced-homomorphism-on-fundamental-group,Q662830,,TP,D2
def:fundamental-group,def:semi-locally-simply-connected,Q662830,Q7449310,TP,D2
def:fundamental-group,def:simply-connected,Q662830,Q912058,TP,D2
def:g-invariant-function,def:g-harmonic-polynomial,,,TP,D2
def:g-invariant-function,def:haar-integral,,,TP,D2
def:galois-extension,def:abelian-extension,,,TP,D2
def:galois-extension,def:galois-group-of-a-polynomial,,,TP,D2
def:game,def:determined,Q15079592,,TP,D2
def:game,def:gale-stewart-game,Q15079592,Q4944906,TP,D2
def:game,def:normal-form-game,Q15079592,Q1069099,TP,D2
def:game,def:topological-game,Q15079592,Q7825035,TP,D2
def:general-linear-algebra,def:lie-algebra-representation,Q17521172,Q1136782,TP,D2
def:general-linear-algebra,def:linear-lie-algebra,Q17521172,Q16977077,TP,D2
def:general-linear-algebra,def:special-linear-algebra,Q17521172,Q7574831,TP,D2
def:general-linear-group,def:complex-orthogonal-group,Q524607,,TP,D2
def:general-linear-group,def:complex-symplectic-group,Q524607,,TP,D2
def:general-linear-group,def:continuous-group-representation,Q524607,,TP,D2
def:general-linear-group,def:g-harmonic-polynomial,Q524607,,TP,D2
def:general-linear-group,def:generalized-orthogonal-group,Q524607,,TP,D2
def:general-linear-group,def:group-representation,Q524607,Q1055807,TP,D2
def:general-linear-group,def:matrix-lie-group,Q524607,Q622679,TP,D2
def:general-linear-group,def:orthogonal-group,Q524607,Q1783179,TP,D2
def:general-linear-group,def:real-symplectic-group,Q524607,Q936434,TP,D2
def:general-linear-group,def:special-linear-group,Q524607,Q2140900,TP,D2
def:general-linear-group,def:special-orthogonal-group,Q524607,Q3117934,TP,D2
def:general-linear-group,def:special-unitary-group,Q524607,Q684363,TP,D2
def:general-linear-group,def:unitary-group,Q524607,Q1500617,TP,D2
def:generalized-orthogonal-group,def:lorentz-group,,Q1334417,TP,D2
def:generate-a-field,def:cyclotomic-field,,,TP,D2
def:generate-a-field,def:degree-of-field-extension,,,TP,D2
def:generate-a-field,def:normal-extension,,,TP,D2
def:generate-a-field,def:prime-subfield,,,TP,D2
def:generate-a-field,def:simple-field-extension,,,TP,D2
def:generate-a-field,def:splitting-field,,,TP,D2
def:generate-a-ring-ideal,def:associate-elements-in-an-integral-domain,,,TP,D2
def:generate-a-ring-ideal,def:division-in-a-ring,,Q1226939,TP,D2
def:generate-a-ring-ideal,def:generate-an-algebra-ideal,,,TP,D2
def:generate-a-ring-ideal,def:greatest-common-divisor,,Q131752,TP,D2
def:generate-a-ring-ideal,def:prime-element-of-an-integral-domain,,Q240651,TP,D2
def:generate-a-ring-ideal,def:principal-ideal,,Q44382,TP,D2
def:generate-a-topology,def:product-topology,,,TP,D2
def:generate-a-σ-algebra,def:borel-σ-algebra,,Q1080067,TP,D2
def:generate-a-σ-algebra,def:commutator-subgroup,,Q522216,TP,D2
def:generate-a-σ-algebra,def:product-measure,,Q1572094,TP,D2
def:generate-an-r-module,def:finitely-generated-r-module,Q25106477,Q1340572,TP,D2
def:generate-an-r-module,def:free-module,Q25106477,Q1292333,TP,D2
def:generate-an-r-module,def:schur-polynomials,Q25106477,,TP,D2
def:generating-set-of-a-group,def:basis-for-abelian-group,Q734209,Q810193,TP,D2
def:generating-set-of-a-group,def:cycle,Q734209,Q212130,TP,D2
def:generating-set-of-a-group,def:cyclic-group,Q734209,Q245462,TP,D2
def:generating-set-of-a-group,def:free-group,Q734209,Q431078,TP,D2
def:generating-set-of-a-group,def:order-of-a-group-element,Q734209,Q54555759,TP,D2
def:generating-set-of-a-group,def:primitive-root-of-unity,Q734209,,TP,D2
def:generating-set-of-a-group,def:rank-of-a-finitely-generated-abelian-group,Q734209,Q1260803,TP,D2
def:greatest-common-divisor,def:coprime,Q131752,Q104752,TP,D2
def:greatest-common-divisor,def:euler's-totient-function,Q131752,Q190026,TP,D2
def:group,def:abelian-group,Q83478,Q181296,TP,D2
def:group,def:automorphism-group,Q83478,Q60790315,TP,D2
def:group,def:center-of-a-group,Q83478,Q1195852,TP,D2
def:group,def:centralizer-of-a-subset,Q83478,Q190629,TP,D2
def:group,def:character-of-a-representation,Q83478,,TP,D2
def:group,def:character-table,Q83478,Q11498021,TP,D2
def:group,def:characteristic-subgroup,Q83478,Q747027,TP,D2
def:group,def:circle-group,Q83478,Q105356493,TP,D2
def:group,def:class-function,Q83478,,TP,D2
def:group,def:commutator-subgroup,Q83478,Q522216,TP,D2
def:group,def:compact-symplectic-group,Q83478,Q78484790,TP,D2
def:group,def:complete-reducibility,Q83478,,TP,D2
def:group,def:complex-symplectic-group,Q83478,,TP,D2
def:group,def:composition-series-of-a-group,Q83478,Q2525646,TP,D2
def:group,def:conjugacy-classes,Q83478,Q1353233,TP,D2
def:group,def:conjugate-subgroups,Q83478,,TP,D2
def:group,def:cyclic-group,Q83478,Q245462,TP,D2
def:group,def:derived-series-of-a-group,Q83478,,TP,D2
def:group,def:dimension-of-group-representation,Q83478,Q929302,TP,D2
def:group,def:direct-sum-of-group-representations,Q83478,Q13582243,TP,D2
def:group,def:divisible-group,Q83478,Q1782332,TP,D2
def:group,def:elementary-abelian-p-group,Q83478,Q1017231,TP,D2
def:group,def:equivalent-group-representations,Q83478,,TP,D2
def:group,def:equivariant-map,Q83478,Q256355,TP,D2
def:group,def:exponent-of-a-finite-group,Q83478,Q32998717,TP,D2
def:group,def:exterior-power-of-group-representations,Q83478,Q13408581,TP,D2
def:group,def:faithful-group-action,Q83478,,TP,D2
def:group,def:fixed-field,Q83478,,TP,D2
def:group,def:frattini-subgroup,Q83478,Q176244,TP,D2
def:group,def:free-group,Q83478,Q431078,TP,D2
def:group,def:free-group-action,Q83478,,TP,D2
def:group,def:g-invariant-function,Q83478,,TP,D2
def:group,def:g-invariant-subspace,Q83478,Q2706744,TP,D2
def:group,def:g-invariant-vectors,Q83478,Q2706744,TP,D2
def:group,def:g-space,Q83478,,TP,D2
def:group,def:galois-extension,Q83478,,TP,D2
def:group,def:general-linear-group,Q83478,Q524607,TP,D2
def:group,def:generalized-orthogonal-group,Q83478,,TP,D2
def:group,def:generating-set-of-a-group,Q83478,Q734209,TP,D2
def:group,def:group-action,Q83478,Q288465,TP,D2
def:group,def:group-action-invariants,Q83478,Q217608,TP,D2
def:group,def:group-homomorphism,Q83478,Q868169,TP,D2
def:group,def:group-representation,Q83478,Q1055807,TP,D2
def:group,def:group-ring,Q83478,Q2602722,TP,D2
def:group,def:group-word,Q83478,,TP,D2
def:group,def:index-of-a-subgroup,Q83478,Q1464168,TP,D2
def:group,def:inner-automorphism-of-a-group,Q83478,Q1139583,TP,D2
def:group,def:invariant-polynomials-under-group-action,Q83478,,TP,D2
def:group,def:kernel-of-group-homomorphism,Q83478,,TP,D2
def:group,def:lie-group,Q83478,Q622679,TP,D2
def:group,def:lorentz-group,Q83478,Q1334417,TP,D2
def:group,def:lower-central-series,Q83478,Q109314515,TP,D2
def:group,def:matrix-lie-group,Q83478,Q622679,TP,D2
def:group,def:maximal-subgroup,Q83478,Q16908484,TP,D2
def:group,def:module-over-a-ring,Q83478,Q18848,TP,D2
def:group,def:morphism-of-group-representations,Q83478,,TP,D2
def:group,def:multiplicative-character,Q83478,Q17099189,TP,D2
def:group,def:nilpotent-group,Q83478,Q1755242,TP,D2
def:group,def:normal-series,Q83478,,TP,D2
def:group,def:normal-subgroup,Q83478,Q743179,TP,D2
def:group,def:normalizer-of-a-group,Q83478,Q1761121,TP,D2
def:group,def:orbit,Q83478,Q17859776,TP,D2
def:group,def:order-of-a-group,Q83478,Q18408315,TP,D2
def:group,def:order-of-a-group-element,Q83478,Q54555759,TP,D2
def:group,def:orthogonal-group,Q83478,Q1783179,TP,D2
def:group,def:p-group,Q83478,Q286972,TP,D2
def:group,def:p-primary-component-of-an-abelian-group,Q83478,Q286972,TP,D2
def:group,def:paradoxical-set,Q83478,Q7134470,TP,D2
def:group,def:pontryagin-dual,Q83478,Q1632419,TP,D2
def:group,def:quotient-by-normal-subgroup,Q83478,Q1138961,TP,D2
def:group,def:quotient-by-subgroup,Q83478,Q1138961,TP,D2
def:group,def:rank-of-a-finitely-generated-abelian-group,Q83478,Q1260803,TP,D2
def:group,def:real-symplectic-group,Q83478,Q936434,TP,D2
def:group,def:right-coset,Q83478,Q751969,TP,D2
def:group,def:ring,Q83478,Q161172,TP,D2
def:group,def:rng,Q83478,Q17102802,TP,D2
def:group,def:semidirect-product,Q83478,Q291126,TP,D2
def:group,def:simple-group,Q83478,Q571124,TP,D2
def:group,def:solvable-group,Q83478,Q759832,TP,D2
def:group,def:special-linear-group,Q83478,Q2140900,TP,D2
def:group,def:special-orthogonal-group,Q83478,Q3117934,TP,D2
def:group,def:special-unitary-group,Q83478,Q684363,TP,D2
def:group,def:stabilizer-under-group-action,Q83478,,TP,D2
def:group,def:subgroup,Q83478,Q466109,TP,D2
def:group,def:submodule,Q83478,Q2498094,TP,D2
def:group,def:subnormal-series,Q83478,,TP,D2
def:group,def:subrepresentation,Q83478,Q55648664,TP,D2
def:group,def:sylow-p-subgroup,Q83478,Q78269866,TP,D2
def:group,def:symmetric-power-of-group-representations,Q83478,Q55643402,TP,D2
def:group,def:tensor-product-of-group-representations,Q83478,Q48995828,TP,D2
def:group,def:topological-group,Q83478,Q1046291,TP,D2
def:group,def:torsion-subgroup,Q83478,Q2293759,TP,D2
def:group,def:transitive-group-action,Q83478,,TP,D2
def:group,def:trivial-group-representation,Q83478,Q7844662,TP,D2
def:group,def:unitary-group,Q83478,Q1500617,TP,D2
def:group,def:upper-central-series,Q83478,,TP,D2
def:group,def:weyl-group,Q83478,Q768074,TP,D2
def:group-action,def:adjoint-representation-of-a-lie-group,Q288465,Q1017106,TP,D2
def:group-action,def:conjugacy-classes,Q288465,Q1353233,TP,D2
def:group-action,def:cycle,Q288465,Q212130,TP,D2
def:group-action,def:equivariant-map,Q288465,Q256355,TP,D2
def:group-action,def:faithful-group-action,Q288465,,TP,D2
def:group-action,def:free-group-action,Q288465,,TP,D2
def:group-action,def:g-harmonic-polynomial,Q288465,,TP,D2
def:group-action,def:g-invariant-function,Q288465,,TP,D2
def:group-action,def:g-space,Q288465,,TP,D2
def:group-action,def:group-action-invariants,Q288465,Q217608,TP,D2
def:group-action,def:haar-integral,Q288465,,TP,D2
def:group-action,def:invariant-polynomials-under-group-action,Q288465,,TP,D2
def:group-action,def:orbit,Q288465,Q17859776,TP,D2
def:group-action,def:paradoxical-set,Q288465,Q7134470,TP,D2
def:group-action,def:stabilizer-under-group-action,Q288465,,TP,D2
def:group-action,def:transitive-group-action,Q288465,,TP,D2
def:group-action,def:weyl-group,Q288465,Q768074,TP,D2
def:group-homomorphism,def:characteristic-subgroup,Q868169,Q747027,TP,D2
def:group-homomorphism,def:faithful-group-action,Q868169,,TP,D2
def:group-homomorphism,def:group-representation,Q868169,Q1055807,TP,D2
def:group-homomorphism,def:homomorphism-of-lie-groups,Q868169,Q868169,TP,D2
def:group-homomorphism,def:induced-homomorphism-on-fundamental-group,Q868169,,TP,D2
def:group-homomorphism,def:inner-automorphism-of-a-group,Q868169,Q1139583,TP,D2
def:group-homomorphism,def:isomorphism-of-lie-groups,Q868169,Q189112,TP,D2
def:group-homomorphism,def:kernel-of-group-homomorphism,Q868169,,TP,D2
def:group-homomorphism,def:linearly-independent-group-elements,Q868169,Q27670,TP,D2
def:group-homomorphism,def:multiplicative-character,Q868169,Q17099189,TP,D2
def:group-homomorphism,def:pontryagin-dual,Q868169,Q1632419,TP,D2
def:group-homomorphism,def:ring-homomorphism,Q868169,Q1194212,TP,D2
def:group-homomorphism,def:semi-locally-simply-connected,Q868169,Q7449310,TP,D2
def:group-homomorphism,def:semidirect-product,Q868169,Q291126,TP,D2
def:group-representation,def:character-of-a-representation,Q1055807,,TP,D2
def:group-representation,def:complete-reducibility,Q1055807,,TP,D2
def:group-representation,def:continuous-group-representation,Q1055807,,TP,D2
def:group-representation,def:dimension-of-group-representation,Q1055807,Q929302,TP,D2
def:group-representation,def:direct-sum-of-group-representations,Q1055807,Q13582243,TP,D2
def:group-representation,def:equivalent-group-representations,Q1055807,,TP,D2
def:group-representation,def:exterior-power-of-group-representations,Q1055807,Q13408581,TP,D2
def:group-representation,def:g-invariant-subspace,Q1055807,Q2706744,TP,D2
def:group-representation,def:g-invariant-vectors,Q1055807,Q2706744,TP,D2
def:group-representation,def:invariant-polynomials-under-group-action,Q1055807,,TP,D2
def:group-representation,def:irreducible-representation,Q1055807,Q13690522,TP,D2
def:group-representation,def:isomorphism-of-group-representations,Q1055807,Q189112,TP,D2
def:group-representation,def:morphism-of-group-representations,Q1055807,,TP,D2
def:group-representation,def:subrepresentation,Q1055807,Q55648664,TP,D2
def:group-representation,def:symmetric-power-of-group-representations,Q1055807,Q55643402,TP,D2
def:group-representation,def:tensor-product-of-group-representations,Q1055807,Q48995828,TP,D2
def:group-representation,def:trivial-group-representation,Q1055807,Q7844662,TP,D2
def:group-representation,def:unitary-group-representation,Q1055807,,TP,D2
def:group-word,def:free-group,,Q431078,TP,D2
def:haar-integral,def:l2-inner-product-on-group-functions,,,TP,D2
def:haar-integral,def:volume-of-compact-topological-space,,,TP,D2
def:harmonic-function,def:harmonic-polynomial,Q599027,,TP,D2
def:hausdorff,def:compactly-closed,Q326908,,TP,D2
def:hausdorff,def:locally-compact-group,Q326908,Q2147620,TP,D2
def:hausdorff,def:locally-finite-measure,Q326908,Q2136937,TP,D2
def:hausdorff,def:manifold,Q326908,Q203920,TP,D2
def:hausdorff,def:radon-measure,Q326908,Q2126650,TP,D2
def:hausdorff,def:topological-m-dimensional-manifold-with-boundary,Q326908,Q203920,TP,D2
def:hausdorff,def:weak-hausdorff,Q326908,Q7977932,TP,D2
def:hermitian-inner-product,def:l2-inner-product-on-group-functions,Q77583424,,TP,D2
def:hilbert-space,def:hamel-basis,Q190056,Q189569,TP,D2
def:holomorphic,def:entire,,Q215084,TP,D2
def:holomorphic,def:isolated-singularity,,,TP,D2
def:holomorphic,def:laurent-series,,,TP,D2
def:homeomorphism,def:characteristic-map-of-open-simplex,Q202906,,TP,D2
def:homeomorphism,def:chart,Q202906,Q3828144,TP,D2
def:homeomorphism,def:embedded-m-dimensional-manifold-with-boundary,Q202906,Q1333611,TP,D2
def:homeomorphism,def:isomorphism-of-lie-groups,Q202906,Q189112,TP,D2
def:homeomorphism,def:manifold,Q202906,Q203920,TP,D2
def:homeomorphism,def:topological-m-dimensional-manifold-with-boundary,Q202906,Q203920,TP,D2
def:homogeneous-relation,def:partially-ordered-set,,,TP,D2
def:homomorphism-of-lie-groups,def:isomorphism-of-lie-groups,Q868169,Q189112,TP,D2
def:ideal-of-a-lie-algebra,def:descending-central-series,Q44649,Q109314515,TP,D2
def:ideal-of-a-lie-algebra,def:quotient-of-lie-algebra-by-ideal,Q44649,Q2589508,TP,D2
def:ideal-of-a-lie-algebra,def:radical-of-a-lie-algebra,Q44649,,TP,D2
def:ideal-of-a-lie-algebra,def:simple-lie-algebra,Q44649,,TP,D2
def:idempotent,def:projection,Q2243424,Q519967,TP,D2
def:identity-element,def:category,Q185813,Q719395,TP,D2
def:identity-element,def:characteristic-of-a-field,Q185813,,TP,D2
def:identity-element,def:coprime,Q185813,Q104752,TP,D2
def:identity-element,def:division-algebra,Q185813,Q1231309,TP,D2
def:identity-element,def:elementary-abelian-p-group,Q185813,Q1017231,TP,D2
def:identity-element,def:field,Q185813,Q190109,TP,D2
def:identity-element,def:fraction-ring,Q185813,,TP,D2
def:identity-element,def:free-group,Q185813,Q431078,TP,D2
def:identity-element,def:group,Q185813,Q83478,TP,D2
def:identity-element,def:inverse-element,Q185813,Q338057,TP,D2
def:identity-element,def:kernel-of-group-homomorphism,Q185813,,TP,D2
def:identity-element,def:left-inverse-element,Q185813,Q338057,TP,D2
def:identity-element,def:lower-central-series,Q185813,Q109314515,TP,D2
def:identity-element,def:module-over-a-ring,Q185813,Q18848,TP,D2
def:identity-element,def:monoid,Q185813,Q208237,TP,D2
def:identity-element,def:order-of-a-group-element,Q185813,Q54555759,TP,D2
def:identity-element,def:prime-subfield,Q185813,,TP,D2
def:identity-element,def:quaternion-algebra,Q185813,Q173853,TP,D2
def:identity-element,def:right-inverse-element,Q185813,Q338057,TP,D2
def:identity-element,def:ring-norm,Q185813,Q110571247,TP,D2
def:identity-element,def:rng,Q185813,Q17102802,TP,D2
def:identity-element,def:semidirect-product,Q185813,Q291126,TP,D2
def:identity-element,def:subgroup,Q185813,Q466109,TP,D2
def:identity-element,def:unital-subring,Q185813,Q929536,TP,D2
def:identity-matrix,def:elementary-matrix,Q193794,Q609566,TP,D2
def:identity-matrix,def:identity-component,Q193794,Q5988368,TP,D2
def:identity-matrix,def:inverse-matrix,Q193794,Q17123743,TP,D2
def:identity-matrix,def:orthogonal-matrix,Q193794,Q333871,TP,D2
def:identity-matrix,def:real-symplectic-group,Q193794,Q936434,TP,D2
def:image,def:compact-linear-transformation,Q860623,Q1780743,TP,D2
def:image,def:invariant-subspace,Q860623,Q2706744,TP,D2
def:infimum,def:distance-from-a-point-to-a-set,,,TP,D2
def:infimum,def:lattice,,,TP,D2
def:infimum,def:lattice-complement,,,TP,D2
def:infimum,def:upper-integral,,,TP,D2
def:injective,def:bijective,Q182003,Q180907,TP,D2
def:injective,def:cardinal-number,Q182003,,TP,D2
def:injective,def:embedding,Q182003,Q980509,TP,D2
def:injective,def:linearly-independent-group-elements,Q182003,Q27670,TP,D2
def:inner-automorphism-of-a-group,def:conjugacy-classes,Q1139583,Q1353233,TP,D2
def:inner-product,def:adjoint-of-a-linear-transformation,Q23924662,Q2858846,TP,D2
def:inner-product,def:euclidean-inner-product,Q23924662,Q181365,TP,D2
def:inner-product,def:inner-product-space,Q23924662,Q214159,TP,D2
def:inner-product,def:positive-definite,Q23924662,Q1052034,TP,D2
def:inner-product-space,def:hilbert-space,Q214159,Q190056,TP,D2
def:inner-product-space,def:orthonormal,Q214159,Q1411166,TP,D2
def:integral-domain,def:annihilator-of-a-submodule,Q628792,Q567083,TP,D2
def:integral-domain,def:associate-elements-in-an-integral-domain,Q628792,,TP,D2
def:integral-domain,def:irreducible-element-of-an-integral-domain,Q628792,Q2989575,TP,D2
def:integral-domain,def:prime-element-of-an-integral-domain,Q628792,Q240651,TP,D2
def:integral-domain,def:principal-ideal-domain,Q628792,Q1143969,TP,D2
def:integral-domain,def:torsion-free-module,Q628792,Q7827200,TP,D2
def:integral-domain,def:unique-factorization-domain,Q628792,Q1052579,TP,D2
def:interior,def:banach-mazur-game,Q862761,Q3459695,TP,D2
def:interior,def:cantor-set,Q862761,Q273188,TP,D2
def:interior,def:characteristic-map-of-open-simplex,Q862761,,TP,D2
def:interior,def:interior-points-of-a-manifold,Q862761,Q862761,TP,D2
def:interior,def:nowhere-dense,Q862761,Q1991405,TP,D2
def:interval,def:absolute-continuity,Q185148,Q332504,TP,D2
def:interval,def:cantor-set,Q185148,Q273188,TP,D2
def:interval,def:complex-differentiability,Q185148,,TP,D2
def:interval,def:oriented-edge,Q185148,Q1137726,TP,D2
def:interval,def:partition-of-a-rectangle,Q185148,,TP,D2
def:interval,def:path,Q185148,Q1366002,TP,D2
def:interval,def:rectangle,Q185148,Q209,TP,D2
def:invariant-polynomials-under-group-action,def:schur-polynomials,,,TP,D2
def:invariant-subspace,def:invariant-polynomials-under-group-action,Q2706744,,TP,D2
def:inverse-element,def:complex-orthogonal-group,Q338057,,TP,D2
def:inverse-element,def:division-algebra,Q338057,Q1231309,TP,D2
def:inverse-element,def:field,Q338057,Q190109,TP,D2
def:inverse-element,def:group,Q338057,Q83478,TP,D2
def:inverse-element,def:subgroup,Q338057,Q466109,TP,D2
def:inverse-element,def:unit-of-a-ring,Q338057,Q118084,TP,D2
def:inverse-element,def:vector-space,Q338057,Q125977,TP,D2
def:inverse-function,def:isomorphism-of-lie-groups,Q191884,Q189112,TP,D2
def:inverse-matrix,def:orthogonal-matrix,Q17123743,Q333871,TP,D2
def:inverse-matrix,def:real-symplectic-group,Q17123743,Q936434,TP,D2
def:inverse-matrix,def:unitary-matrix,Q17123743,Q727103,TP,D2
def:irreducible-element-of-an-integral-domain,def:unique-factorization-domain,Q2989575,Q1052579,TP,D2
def:irreducible-representation,def:character-table,Q13690522,Q11498021,TP,D2
def:irreducible-representation,def:complete-reducibility,Q13690522,,TP,D2
def:irreducible-representation,def:isotypic-component,Q13690522,Q17098238,TP,D2
def:irreducible-representation,def:semisimple-representation-of-a-lie-algebra,Q13690522,Q81376506,TP,D2
def:isolated-point,def:cantor-set,Q1142889,Q273188,TP,D2
def:isolated-point,def:perfect-set,Q1142889,Q7168101,TP,D2
def:jacobian-matrix,def:jacobian-determinant,Q506041,Q1474543,TP,D2
def:kernel-of-group-homomorphism,def:faithful-group-action,,,TP,D2
def:kernel-of-linear-transformation,def:lp-space,,Q305936,TP,D2
def:kernel-of-linear-transformation,def:nullity,,Q2914509,TP,D2
def:kernel-of-linear-transformation,def:tangent-space,,Q909601,TP,D2
def:kronecker-delta,def:identity-matrix,Q192826,Q193794,TP,D2
def:laplacian,def:harmonic-function,Q203484,Q599027,TP,D2
def:lattice,def:complemented-lattice,,,TP,D2
def:lattice,def:distributed-lattice,,,TP,D2
def:lattice,def:lattice-complement,,,TP,D2
def:lattice-complement,def:complemented-lattice,,,TP,D2
def:laurent-series,def:isolated-singularity,,,TP,D2
def:laurent-series,def:principal-part,,,TP,D2
def:laurent-series,def:residue,,,TP,D2
def:lebesgue-integral,def:haar-integral,,,TP,D2
def:lebesgue-integral,def:lp-space,,Q305936,TP,D2
def:lebesgue-integral,def:σ-finite,,,TP,D2
def:lebesgue-integral-of-a-simple-function,def:lebesgue-integral,,,TP,D2
def:lebesgue-integral-of-characteristic-function,def:lebesgue-integral-of-a-simple-function,,,TP,D2
def:lebesgue-measure,def:lebesgue-measurable-function,Q827230,Q516776,TP,D2
def:lebesgue-measure,def:vitali-covering,Q827230,Q3229352,TP,D2
def:lebesgue-outer-measure,def:lebesgue-measure,Q25447455,Q827230,TP,D2
def:left-algebra-ideal,def:algebra-ideal,,,TP,D2
def:left-coset,def:normal-subgroup,Q751969,Q743179,TP,D2
def:left-coset,def:quotient-by-subgroup,Q751969,Q1138961,TP,D2
def:left-coset,def:quotient-of-modules,Q751969,Q1432554,TP,D2
def:left-identity-element,def:identity-element,Q185813,Q185813,TP,D2
def:left-inverse-element,def:inverse-element,Q338057,Q338057,TP,D2
def:left-ring-ideal,def:noetherian-ring,Q44649,Q582271,TP,D2
def:left-ring-ideal,def:ring-ideal,Q44649,Q44649,TP,D2
def:lie-algebra,def:abelian-lie-algebra,Q664495,,TP,D2
def:lie-algebra,def:adjoint-representation-of-a-lie-algebra,Q664495,Q4379157,TP,D2
def:lie-algebra,def:adjoint-representation-of-a-lie-group,Q664495,Q1017106,TP,D2
def:lie-algebra,def:centralizer-of-a-lie-algebra,Q664495,,TP,D2
def:lie-algebra,def:derived-series-of-a-lie-algebra,Q664495,,TP,D2
def:lie-algebra,def:descending-central-series,Q664495,Q109314515,TP,D2
def:lie-algebra,def:direct-sum-decomposition-of-a-lie-algebra,Q664495,Q13582243,TP,D2
def:lie-algebra,def:direct-sum-of-lie-algebras,Q664495,Q13582243,TP,D2
def:lie-algebra,def:dual-representation-of-a-lie-algebra,Q664495,Q3427408,TP,D2
def:lie-algebra,def:general-linear-algebra,Q664495,Q17521172,TP,D2
def:lie-algebra,def:ideal-of-a-lie-algebra,Q664495,Q44649,TP,D2
def:lie-algebra,def:inner-automorphism-of-a-lie-algebra,Q664495,Q1139583,TP,D2
def:lie-algebra,def:lie-algebra-homomorphism,Q664495,Q3882299,TP,D2
def:lie-algebra,def:lie-algebra-representation,Q664495,Q1136782,TP,D2
def:lie-algebra,def:lie-correspondence,Q664495,,TP,D2
def:lie-algebra,def:module-over-a-lie-algebra,Q664495,Q18848,TP,D2
def:lie-algebra,def:nilpotent-lie-algebra,Q664495,Q15148889,TP,D2
def:lie-algebra,def:quotient-of-lie-algebra-by-ideal,Q664495,Q2589508,TP,D2
def:lie-algebra,def:radical-of-a-lie-algebra,Q664495,,TP,D2
def:lie-algebra,def:semisimple-lie-algebra,Q664495,Q2366896,TP,D2
def:lie-algebra,def:semisimple-representation-of-a-lie-algebra,Q664495,Q81376506,TP,D2
def:lie-algebra,def:simple-lie-algebra,Q664495,,TP,D2
def:lie-algebra,def:solvable-lie-algebra,Q664495,Q7558992,TP,D2
def:lie-algebra,def:structure-constants,Q664495,Q7625098,TP,D2
def:lie-algebra,def:subalgebra,Q664495,Q629933,TP,D2
def:lie-algebra,def:tensor-product-of-lie-algebra-representations,Q664495,Q48995828,TP,D2
def:lie-algebra-homomorphism,def:lie-algebra-representation,Q3882299,Q1136782,TP,D2
def:lie-algebra-representation,def:adjoint-representation-of-a-lie-algebra,Q1136782,Q4379157,TP,D2
def:lie-algebra-representation,def:adjoint-representation-of-a-lie-group,Q1136782,Q1017106,TP,D2
def:lie-algebra-representation,def:dual-representation-of-a-lie-algebra,Q1136782,Q3427408,TP,D2
def:lie-algebra-representation,def:isotypic-component,Q1136782,Q17098238,TP,D2
def:lie-algebra-representation,def:semisimple-representation-of-a-lie-algebra,Q1136782,Q81376506,TP,D2
def:lie-algebra-representation,def:tensor-product-of-lie-algebra-representations,Q1136782,Q48995828,TP,D2
def:lie-correspondence,def:adjoint-representation-of-a-lie-group,,Q1017106,TP,D2
def:lie-group,def:adjoint-representation-of-a-lie-group,Q622679,Q1017106,TP,D2
def:lie-group,def:compact-lie-group,Q622679,,TP,D2
def:lie-group,def:homomorphism-of-lie-groups,Q622679,Q868169,TP,D2
def:lie-group,def:isomorphism-of-lie-groups,Q622679,Q189112,TP,D2
def:lie-group,def:matrix-lie-group,Q622679,Q622679,TP,D2
def:limit-point,def:closed,Q858223,Q320357,TP,D2
def:limit-point,def:closure,Q858223,Q320346,TP,D2
def:limit-point,def:dense,Q858223,Q673444,TP,D2
def:limit-point,def:perfect-set,Q858223,Q7168101,TP,D2
def:linear-transformation,def:adjoint-of-a-linear-transformation,Q207643,Q2858846,TP,D2
def:linear-transformation,def:adjugate,Q207643,Q225107,TP,D2
def:linear-transformation,def:characteristic-polynomial,Q207643,Q849705,TP,D2
def:linear-transformation,def:compact-linear-transformation,Q207643,Q1780743,TP,D2
def:linear-transformation,def:derivation,Q207643,Q451323,TP,D2
def:linear-transformation,def:determinant,Q207643,Q178546,TP,D2
def:linear-transformation,def:differentiable,Q207643,Q636889,TP,D2
def:linear-transformation,def:dual-space,Q207643,Q752487,TP,D2
def:linear-transformation,def:eigenvalue,Q207643,Q3553768,TP,D2
def:linear-transformation,def:eigenvector,Q207643,Q3555174,TP,D2
def:linear-transformation,def:exterior-power-of-group-representations,Q207643,Q13408581,TP,D2
def:linear-transformation,def:exterior-power-of-linear-transformation,Q207643,Q13408581,TP,D2
def:linear-transformation,def:functional,Q207643,Q579600,TP,D2
def:linear-transformation,def:general-linear-algebra,Q207643,Q17521172,TP,D2
def:linear-transformation,def:group-representation,Q207643,Q1055807,TP,D2
def:linear-transformation,def:haar-integral,Q207643,,TP,D2
def:linear-transformation,def:invariant-subspace,Q207643,Q2706744,TP,D2
def:linear-transformation,def:kernel-of-linear-transformation,Q207643,,TP,D2
def:linear-transformation,def:lie-algebra-homomorphism,Q207643,Q3882299,TP,D2
def:linear-transformation,def:minor,Q207643,Q1341061,TP,D2
def:linear-transformation,def:morphism-of-group-representations,Q207643,,TP,D2
def:linear-transformation,def:multilinear,Q207643,,TP,D2
def:linear-transformation,def:nullity,Q207643,Q2914509,TP,D2
def:linear-transformation,def:projection,Q207643,Q519967,TP,D2
def:linear-transformation,def:rank,Q207643,Q656784,TP,D2
def:linear-transformation,def:self-adjoint,Q207643,,TP,D2
def:linear-transformation,def:semisimple-representation-of-a-lie-algebra,Q207643,Q81376506,TP,D2
def:linear-transformation,def:sign-of-permutation,Q207643,Q1064405,TP,D2
def:linear-transformation,def:symmetric-power-of-group-representations,Q207643,Q55643402,TP,D2
def:linear-transformation,def:tensor-product-of-group-representations,Q207643,Q48995828,TP,D2
def:linear-transformation,def:trace,Q207643,Q321102,TP,D2
def:linear-transformation,def:unitary-transformation,Q207643,Q2495534,TP,D2
def:linearly-independent,def:basis,Q27670,Q189569,TP,D2
def:linearly-independent,def:free-module,Q27670,Q1292333,TP,D2
def:linearly-independent,def:geometrically-independent,Q27670,,TP,D2
def:linearly-independent,def:linearly-dependent,Q27670,Q111783780,TP,D2
def:linearly-independent,def:rank-of-a-module,Q27670,,TP,D2
def:linearly-independent-group-elements,def:basis-for-abelian-group,Q27670,Q810193,TP,D2
def:locally-compact-group,def:pontryagin-dual,Q2147620,Q1632419,TP,D2
def:locally-finite-measure,def:radon-measure,Q2136937,Q2126650,TP,D2
def:loop,def:fundamental-group,Q4558786,Q662830,TP,D2
def:loop,def:laurent-series,Q4558786,,TP,D2
def:loop,def:winding-number,Q4558786,,TP,D2
def:lower-bound,def:infimum,,,TP,D2
def:lower-integral,def:riemann-integrable,,Q697181,TP,D2
def:lower-sum,def:lower-integral,,,TP,D2
def:lp-space,def:essentially-bounded,Q305936,Q1969054,TP,D2
def:lp-space,def:radon-nikodym-derivative,Q305936,Q1191319,TP,D2
def:magma,def:group,Q679903,Q83478,TP,D2
def:magma,def:inverse-element,Q679903,Q338057,TP,D2
def:magma,def:left-coset,Q679903,Q751969,TP,D2
def:magma,def:left-inverse-element,Q679903,Q338057,TP,D2
def:magma,def:right-inverse-element,Q679903,Q338057,TP,D2
def:magma,def:semigroup,Q679903,Q207348,TP,D2
def:manifold,def:chart,Q203920,Q3828144,TP,D2
def:manifold,def:tangent-space,Q203920,Q909601,TP,D2
def:manifold,def:transition-function,Q203920,,TP,D2
def:matrix,def:complex-orthogonal-group,Q44337,,TP,D2
def:matrix,def:complex-symplectic-group,Q44337,,TP,D2
def:matrix,def:conjugate-transpose,Q44337,Q2051983,TP,D2
def:matrix,def:generalized-orthogonal-group,Q44337,,TP,D2
def:matrix,def:identity-matrix,Q44337,Q193794,TP,D2
def:matrix,def:inverse-matrix,Q44337,Q17123743,TP,D2
def:matrix,def:lie-correspondence,Q44337,,TP,D2
def:matrix,def:matrix-logarithm,Q44337,Q902017,TP,D2
def:matrix,def:matrix-multiplication,Q44337,Q1049914,TP,D2
def:matrix,def:matrix-transpose,Q44337,Q223683,TP,D2
def:matrix,def:minor,Q44337,Q1341061,TP,D2
def:matrix,def:orthogonal-matrix,Q44337,Q333871,TP,D2
def:matrix,def:positive-definite,Q44337,Q1052034,TP,D2
def:matrix,def:real-symplectic-group,Q44337,Q936434,TP,D2
def:matrix,def:row-operations,Q44337,,TP,D2
def:matrix,def:special-orthogonal-group,Q44337,Q3117934,TP,D2
def:matrix,def:special-unitary-group,Q44337,Q684363,TP,D2
def:matrix,def:unitary-matrix,Q44337,Q727103,TP,D2
def:matrix-lie-group,def:compact-symplectic-group,Q622679,Q78484790,TP,D2
def:matrix-lie-group,def:complex-lie-group,Q622679,Q5156554,TP,D2
def:matrix-lie-group,def:complex-orthogonal-group,Q622679,,TP,D2
def:matrix-lie-group,def:complex-symplectic-group,Q622679,,TP,D2
def:matrix-lie-group,def:generalized-orthogonal-group,Q622679,,TP,D2
def:matrix-lie-group,def:identity-component,Q622679,Q5988368,TP,D2
def:matrix-lie-group,def:lie-correspondence,Q622679,,TP,D2
def:matrix-lie-group,def:orthogonal-group,Q622679,Q1783179,TP,D2
def:matrix-lie-group,def:real-symplectic-group,Q622679,Q936434,TP,D2
def:matrix-lie-group,def:special-linear-group,Q622679,Q2140900,TP,D2
def:matrix-lie-group,def:special-orthogonal-group,Q622679,Q3117934,TP,D2
def:matrix-lie-group,def:special-unitary-group,Q622679,Q684363,TP,D2
def:matrix-lie-group,def:unitary-group,Q622679,Q1500617,TP,D2
def:matrix-multiplication,def:inverse-matrix,Q1049914,Q17123743,TP,D2
def:matrix-multiplication,def:orthogonal-matrix,Q1049914,Q333871,TP,D2
def:matrix-multiplication,def:special-linear-group,Q1049914,Q2140900,TP,D2
def:matrix-multiplication,def:unitary-group,Q1049914,Q1500617,TP,D2
def:matrix-transpose,def:complex-orthogonal-group,Q223683,,TP,D2
def:matrix-transpose,def:conjugate-transpose,Q223683,Q2051983,TP,D2
def:matrix-transpose,def:orthogonal-matrix,Q223683,Q333871,TP,D2
def:matrix-transpose,def:real-symplectic-group,Q223683,Q936434,TP,D2
def:maximal-subgroup,def:frattini-subgroup,Q16908484,Q176244,TP,D2
def:meager,def:baire-property,Q1747745,Q803931,TP,D2
def:meager,def:comeager,Q1747745,Q97623888,TP,D2
def:meager,def:nonmeager,Q1747745,Q97623888,TP,D2
def:measurable,def:absolute-continuity-of-measure,,Q20827138,TP,D2
def:measurable,def:borel-space,,Q3058218,TP,D2
def:measurable,def:lebesgue-integral-of-a-simple-function,,,TP,D2
def:measurable,def:lebesgue-integral-of-characteristic-function,,,TP,D2
def:measurable,def:measurable-function,,Q516776,TP,D2
def:measurable,def:measurable-hull,,,TP,D2
def:measurable,def:measure-space,,Q3058212,TP,D2
def:measurable,def:negative-variation,,,TP,D2
def:measurable,def:outer-regular,,Q26851733,TP,D2
def:measurable,def:positive-variation,,,TP,D2
def:measurable,def:product-measure,,Q1572094,TP,D2
def:measurable,def:radon-nikodym-derivative,,Q1191319,TP,D2
def:measurable,def:regular-family,,,TP,D2
def:measurable,def:signed-measure,,Q1764371,TP,D2
def:measurable,def:simple-function,,Q913022,TP,D2
def:measurable,def:singular-measure,,Q1824450,TP,D2
def:measurable,def:total-variation,,Q1936288,TP,D2
def:measurable,def:σ-finite,,,TP,D2
def:measurable-function,def:borel-function,Q516776,,TP,D2
def:measurable-function,def:lebesgue-integral,Q516776,,TP,D2
def:measurable-function,def:lebesgue-integral-of-a-simple-function,Q516776,,TP,D2
def:measurable-function,def:p-norm,Q516776,,TP,D2
def:measurable-function,def:σ-finite,Q516776,,TP,D2
def:measure-space,def:absolute-continuity-of-measure,Q3058212,Q20827138,TP,D2
def:measure-space,def:almost-everywhere,Q3058212,Q1139334,TP,D2
def:measure-space,def:almost-uniform-convergence,Q3058212,Q25377974,TP,D2
def:measure-space,def:bounded-measure-space,Q3058212,,TP,D2
def:measure-space,def:convergence-in-measure,Q3058212,Q768656,TP,D2
def:measure-space,def:essential-infimum,Q3058212,Q1969054,TP,D2
def:measure-space,def:essential-supremum,Q3058212,Q1969054,TP,D2
def:measure-space,def:haar-integral,Q3058212,,TP,D2
def:measure-space,def:hardy-littlewood-maximal-operator,Q3058212,,TP,D2
def:measure-space,def:lebesgue-integral,Q3058212,,TP,D2
def:measure-space,def:lebesgue-integral-of-a-simple-function,Q3058212,,TP,D2
def:measure-space,def:lebesgue-integral-of-characteristic-function,Q3058212,,TP,D2
def:measure-space,def:locally-finite-measure,Q3058212,Q2136937,TP,D2
def:measure-space,def:lp-space,Q3058212,Q305936,TP,D2
def:measure-space,def:lusin-function,Q3058212,Q1361393,TP,D2
def:measure-space,def:measurable-hull,Q3058212,,TP,D2
def:measure-space,def:outer-regular,Q3058212,Q26851733,TP,D2
def:measure-space,def:p-norm,Q3058212,,TP,D2
def:measure-space,def:product-measure,Q3058212,Q1572094,TP,D2
def:measure-space,def:radon-measure,Q3058212,Q2126650,TP,D2
def:measure-space,def:radon-nikodym-derivative,Q3058212,Q1191319,TP,D2
def:measure-space,def:regular,Q3058212,Q1428110,TP,D2
def:measure-space,def:singular-measure,Q3058212,Q1824450,TP,D2
def:measure-space,def:symmetric-derivative,Q3058212,Q3773126,TP,D2
def:measure-space,def:σ-finite,Q3058212,,TP,D2
def:metric-space,def:banach-space,Q180953,Q194397,TP,D2
def:metric-space,def:bounded,Q180953,Q726212,TP,D2
def:metric-space,def:cauchy-sequence,Q180953,Q217847,TP,D2
def:metric-space,def:closed,Q180953,Q320357,TP,D2
def:metric-space,def:complete-metric-space,Q180953,Q848569,TP,D2
def:metric-space,def:continuous,Q180953,Q170058,TP,D2
def:metric-space,def:contracting-sequence-of-sets-in-a-metric-space,Q180953,Q1131116,TP,D2
def:metric-space,def:contraction-mapping,Q180953,Q515173,TP,D2
def:metric-space,def:diameter-of-a-set,Q180953,,TP,D2
def:metric-space,def:distance-from-a-point-to-a-set,Q180953,,TP,D2
def:metric-space,def:equivalent-metrics,Q180953,,TP,D2
def:metric-space,def:hilbert-space,Q180953,Q190056,TP,D2
def:metric-space,def:isometry,Q180953,Q740207,TP,D2
def:metric-space,def:lorentz-group,Q180953,Q1334417,TP,D2
def:metric-space,def:metric-completion,Q180953,,TP,D2
def:metric-space,def:open,Q180953,Q213363,TP,D2
def:metric-space,def:separable-metric-space,Q180953,Q680081,TP,D2
def:metric-space,def:totally-bounded,Q180953,Q1362228,TP,D2
def:metric-space,def:uniformly-continuous,Q180953,Q741865,TP,D2
def:metric-space,def:vitali-covering,Q180953,Q3229352,TP,D2
def:module-homomorphism,def:direct-sum-of-module-homomorphisms,Q215111,,TP,D2
def:module-homomorphism,def:kernel-of-module-homomorphism,Q215111,,TP,D2
def:module-over-a-ring,def:annihilator-of-a-submodule,Q18848,Q567083,TP,D2
def:module-over-a-ring,def:composition-series-of-a-module,Q18848,Q2525646,TP,D2
def:module-over-a-ring,def:direct-sum-of-module-homomorphisms,Q18848,,TP,D2
def:module-over-a-ring,def:direct-sum-of-modules,Q18848,Q1142861,TP,D2
def:module-over-a-ring,def:finite-length-r-module,Q18848,Q1761084,TP,D2
def:module-over-a-ring,def:finitely-generated-r-module,Q18848,Q1340572,TP,D2
def:module-over-a-ring,def:free-module,Q18848,Q1292333,TP,D2
def:module-over-a-ring,def:generate-an-r-module,Q18848,Q25106477,TP,D2
def:module-over-a-ring,def:kernel-of-module-homomorphism,Q18848,,TP,D2
def:module-over-a-ring,def:linearly-independent,Q18848,Q27670,TP,D2
def:module-over-a-ring,def:module-homomorphism,Q18848,Q215111,TP,D2
def:module-over-a-ring,def:module-over-a-lie-algebra,Q18848,Q18848,TP,D2
def:module-over-a-ring,def:multiplicity-of-simple-module-in-semisimple-module,Q18848,,TP,D2
def:module-over-a-ring,def:noetherian-module,Q18848,Q2444982,TP,D2
def:module-over-a-ring,def:noetherian-ring,Q18848,Q582271,TP,D2
def:module-over-a-ring,def:quotient-of-modules,Q18848,Q1432554,TP,D2
def:module-over-a-ring,def:rank-of-a-module,Q18848,,TP,D2
def:module-over-a-ring,def:schur-polynomials,Q18848,,TP,D2
def:module-over-a-ring,def:semisimple-module,Q18848,Q1485102,TP,D2
def:module-over-a-ring,def:simple-module,Q18848,Q956233,TP,D2
def:module-over-a-ring,def:submodule,Q18848,Q2498094,TP,D2
def:module-over-a-ring,def:sum-of-modules,Q18848,,TP,D2
def:module-over-a-ring,def:torsion-free-module,Q18848,Q7827200,TP,D2
def:monic,def:algebraic-integer,,,TP,D2
def:monic,def:splitting-field,,,TP,D2
def:monoid,def:group,Q208237,Q83478,TP,D2
def:monoid,def:ring,Q208237,Q161172,TP,D2
def:morphism-of-group-representations,def:equivalent-group-representations,,,TP,D2
def:morphism-of-group-representations,def:isomorphism-of-group-representations,,Q189112,TP,D2
def:multilinear,def:algebra-over-a-field,,Q1000660,TP,D2
def:multilinear,def:determinant,,Q178546,TP,D2
def:multilinear,def:exterior-power-of-linear-transformation,,Q13408581,TP,D2
def:multilinear,def:generalized-orthogonal-group,,,TP,D2
def:multilinear,def:hermitian-inner-product,,Q77583424,TP,D2
def:multilinear,def:inner-product,,Q23924662,TP,D2
def:multilinear,def:lie-algebra,,Q664495,TP,D2
def:multilinear,def:real-symplectic-group,,Q936434,TP,D2
def:multilinear,def:symplectic-algebra,,,TP,D2
def:multiplicative-norm,def:banach-algebra,,,TP,D2
def:negative-variation,def:total-variation,,Q1936288,TP,D2
def:neighborhood,def:differentiable,Q2478475,Q636889,TP,D2
def:neighborhood,def:embedded-m-dimensional-manifold,Q2478475,Q203920,TP,D2
def:neighborhood,def:isolated-point,Q2478475,Q1142889,TP,D2
def:neighborhood,def:local-maximum,Q2478475,Q91052280,TP,D2
def:neighborhood,def:local-minimum,Q2478475,Q91052291,TP,D2
def:neighborhood,def:locally-path-connected,Q2478475,Q16671984,TP,D2
def:neighborhood,def:semi-locally-simply-connected,Q2478475,Q7449310,TP,D2
def:neighborhood,def:t0-space,Q2478475,,TP,D2
def:noetherian-module,def:noetherian-ring,Q2444982,Q582271,TP,D2
def:non-archimedean-absolute-value,def:schwartz-space,,Q1369621,TP,D2
def:nonmeager,def:baire-space,Q97623888,,TP,D2
def:norm,def:absolute-convergence,Q956437,Q332465,TP,D2
def:norm,def:absolute-value,Q956437,Q120812,TP,D2
def:norm,def:banach-algebra,Q956437,,TP,D2
def:norm,def:lp-space,Q956437,Q305936,TP,D2
def:norm,def:multiplicative-norm,Q956437,,TP,D2
def:norm,def:non-archimedean-absolute-value,Q956437,,TP,D2
def:norm,def:normed-linear-space,Q956437,Q956437,TP,D2
def:norm,def:orthonormal,Q956437,Q1411166,TP,D2
def:norm,def:p-norm,Q956437,,TP,D2
def:norm,def:radius-of-convergence,Q956437,,TP,D2
def:norm,def:unitary-transformation,Q956437,Q2495534,TP,D2
def:normal-extension,def:galois-extension,,,TP,D2
def:normal-form-game,def:game,Q1069099,Q15079592,TP,D2
def:normal-subgroup,def:abelianization,Q743179,Q318598,TP,D2
def:normal-subgroup,def:normal-series,Q743179,,TP,D2
def:normal-subgroup,def:quotient-by-normal-subgroup,Q743179,Q1138961,TP,D2
def:normal-subgroup,def:quotient-by-subgroup,Q743179,Q1138961,TP,D2
def:normal-subgroup,def:simple-group,Q743179,Q571124,TP,D2
def:normal-subgroup,def:subnormal-series,Q743179,,TP,D2
def:normalizer-of-a-group,def:weyl-group,Q1761121,Q768074,TP,D2
def:normed-linear-space,def:banach-space,Q956437,Q194397,TP,D2
def:normed-linear-space,def:compact-linear-transformation,Q956437,Q1780743,TP,D2
def:normed-linear-space,def:dual-space,Q956437,Q752487,TP,D2
def:normed-linear-space,def:lp-space,Q956437,Q305936,TP,D2
def:normed-linear-space,def:weak-convergence,Q956437,Q20850777,TP,D2
def:nowhere-dense,def:meager,Q1991405,Q1747745,TP,D2
def:open,def:analytic-function,Q213363,,TP,D2
def:open,def:baire-property,Q213363,Q803931,TP,D2
def:open,def:baire-space,Q213363,,TP,D2
def:open,def:borel-σ-algebra,Q213363,Q1080067,TP,D2
def:open,def:chart,Q213363,Q3828144,TP,D2
def:open,def:class,Q213363,Q2138760,TP,D2
def:open,def:closed,Q213363,Q320357,TP,D2
def:open,def:complex-line-integral,Q213363,,TP,D2
def:open,def:component-function,Q213363,,TP,D2
def:open,def:connected,Q213363,Q1491995,TP,D2
def:open,def:continuous,Q213363,Q170058,TP,D2
def:open,def:critical-point,Q213363,Q577705,TP,D2
def:open,def:critical-value,Q213363,Q3754024,TP,D2
def:open,def:diffeomorphism,Q213363,Q1058314,TP,D2
def:open,def:differentiability-in-closed-half-space,Q213363,,TP,D2
def:open,def:differentiable,Q213363,Q636889,TP,D2
def:open,def:differential-k-form,Q213363,Q1047080,TP,D2
def:open,def:directional-derivative,Q213363,Q383851,TP,D2
def:open,def:discrete-topology,Q213363,Q91267214,TP,D2
def:open,def:embedded-m-dimensional-manifold-with-boundary,Q213363,Q1333611,TP,D2
def:open,def:embedding,Q213363,Q980509,TP,D2
def:open,def:gradient,Q213363,Q173582,TP,D2
def:open,def:graph-of-a-function,Q213363,Q182598,TP,D2
def:open,def:harmonic-function,Q213363,Q599027,TP,D2
def:open,def:hausdorff,Q213363,Q326908,TP,D2
def:open,def:hessian-matrix,Q213363,Q620495,TP,D2
def:open,def:interior,Q213363,Q862761,TP,D2
def:open,def:isolated-singularity,Q213363,,TP,D2
def:open,def:jacobian-determinant,Q213363,Q1474543,TP,D2
def:open,def:jacobian-matrix,Q213363,Q506041,TP,D2
def:open,def:laplacian,Q213363,Q203484,TP,D2
def:open,def:lebesgue-measurable-function,Q213363,Q516776,TP,D2
def:open,def:local-maximum,Q213363,Q91052280,TP,D2
def:open,def:local-minimum,Q213363,Q91052291,TP,D2
def:open,def:locally-finite-measure,Q213363,Q2136937,TP,D2
def:open,def:metric-space,Q213363,Q180953,TP,D2
def:open,def:neighborhood,Q213363,Q2478475,TP,D2
def:open,def:nowhere-dense,Q213363,Q1991405,TP,D2
def:open,def:open-cover,Q213363,Q41509136,TP,D2
def:open,def:orientable,Q213363,Q2748415,TP,D2
def:open,def:orientation,Q213363,Q2748415,TP,D2
def:open,def:orientation-preserving,Q213363,,TP,D2
def:open,def:partial-derivative,Q213363,Q186475,TP,D2
def:open,def:partition-of-unity,Q213363,Q191690,TP,D2
def:open,def:product-topology,Q213363,,TP,D2
def:open,def:quotient-of-topological-spaces,Q213363,Q1139111,TP,D2
def:open,def:second-countable,Q213363,Q1363919,TP,D2
def:open,def:sequence-convergence,Q213363,,TP,D2
def:open,def:subspace-topology,Q213363,Q660730,TP,D2
def:open,def:t0-space,Q213363,,TP,D2
def:open,def:topological-m-dimensional-manifold-with-boundary,Q213363,Q203920,TP,D2
def:open,def:topological-space,Q213363,Q179899,TP,D2
def:open,def:topology-of-the-union,Q213363,,TP,D2
def:open-cover,def:compact,Q41509136,Q381892,TP,D2
def:open-cover,def:locally-finite-cover,Q41509136,Q643300,TP,D2
def:orbit,def:conjugacy-classes,Q17859776,Q1353233,TP,D2
def:orbit,def:cycle,Q17859776,Q212130,TP,D2
def:order-of-a-group,def:galois-extension,Q18408315,,TP,D2
def:order-of-a-group,def:p-group,Q18408315,Q286972,TP,D2
def:order-of-a-group-element,def:elementary-abelian-p-group,Q54555759,Q1017231,TP,D2
def:order-of-a-group-element,def:exponent-of-a-finite-group,Q54555759,Q32998717,TP,D2
def:order-of-a-group-element,def:p-group,Q54555759,Q286972,TP,D2
def:order-of-a-group-element,def:torsion-subgroup,Q54555759,Q2293759,TP,D2
def:orientable,def:orientation,Q2748415,Q2748415,TP,D2
def:orientation,def:oriented-manifold,Q2748415,,TP,D2
def:oriented-edge,def:edge-path,Q1137726,Q1415372,TP,D2
def:oriented-manifold,def:outward-pointing,,Q2748415,TP,D2
def:orthogonal,def:orthonormal,Q215067,Q1411166,TP,D2
def:orthogonal-group,def:complex-orthogonal-group,Q1783179,,TP,D2
def:orthogonal-group,def:generalized-orthogonal-group,Q1783179,,TP,D2
def:orthogonal-group,def:special-orthogonal-group,Q1783179,Q3117934,TP,D2
def:orthogonal-matrix,def:orthogonal-group,Q333871,Q1783179,TP,D2
def:orthogonal-matrix,def:special-orthogonal-group,Q333871,Q3117934,TP,D2
def:orthonormal,def:hamel-basis,Q1411166,Q189569,TP,D2
def:orthonormal,def:orthogonal-matrix,Q1411166,Q333871,TP,D2
def:outer-measure,def:lebesgue-outer-measure,Q258374,Q25447455,TP,D2
def:outer-regular,def:regular,Q26851733,Q1428110,TP,D2
def:p-group,def:sylow-p-subgroup,Q286972,Q78269866,TP,D2
def:p-norm,def:lp-space,,Q305936,TP,D2
def:partial-derivative,def:gradient,Q186475,Q173582,TP,D2
def:partial-derivative,def:hessian-matrix,Q186475,Q620495,TP,D2
def:partial-derivative,def:laplacian,Q186475,Q203484,TP,D2
def:partially-ordered-set,def:infimum,,,TP,D2
def:partially-ordered-set,def:lattice,,,TP,D2
def:partially-ordered-set,def:lower-bound,,,TP,D2
def:partially-ordered-set,def:supremum,,,TP,D2
def:partition-of-a-set,def:bounded-variation,,Q829653,TP,D2
def:partition-of-a-set,def:lower-integral,,,TP,D2
def:partition-of-a-set,def:lower-sum,,,TP,D2
def:partition-of-a-set,def:mesh,,,TP,D2
def:partition-of-a-set,def:subinterval,,,TP,D2
def:partition-of-a-set,def:subrectangle,,,TP,D2
def:partition-of-a-set,def:upper-integral,,,TP,D2
def:partition-of-a-set,def:upper-sum,,,TP,D2
def:partition-of-an-integer,def:cycle-type,Q1082910,,TP,D2
def:partition-of-an-integer,def:young-subgroup,Q1082910,,TP,D2
def:path,def:complex-line-integral,Q1366002,,TP,D2
def:path,def:locally-path-connected,Q1366002,Q16671984,TP,D2
def:path,def:loop,Q1366002,Q4558786,TP,D2
def:path-connected,def:simply-connected,Q3487687,Q912058,TP,D2
def:polynomial-ring,def:algebraic-integer,Q1455652,,TP,D2
def:polynomial-ring,def:algebraic-number,Q1455652,,TP,D2
def:polynomial-ring,def:algebraically-closed,Q1455652,,TP,D2
def:polynomial-ring,def:cyclotomic-polynomial,Q1455652,,TP,D2
def:polynomial-ring,def:degree-of-polynomial,Q1455652,Q1473607,TP,D2
def:polynomial-ring,def:elementary-symmetric-polynomials,Q1455652,,TP,D2
def:polynomial-ring,def:g-harmonic-polynomial,Q1455652,,TP,D2
def:polynomial-ring,def:galois-group-of-a-polynomial,Q1455652,,TP,D2
def:polynomial-ring,def:generate-an-associative-algebra,Q1455652,,TP,D2
def:polynomial-ring,def:harmonic-polynomial,Q1455652,,TP,D2
def:polynomial-ring,def:monic,Q1455652,,TP,D2
def:polynomial-ring,def:normal-extension,Q1455652,,TP,D2
def:polynomial-ring,def:quadratic-integers,Q1455652,Q803531,TP,D2
def:polynomial-ring,def:schur-polynomials,Q1455652,,TP,D2
def:polynomial-ring,def:separable-field,Q1455652,,TP,D2
def:polynomial-ring,def:separable-polynomial,Q1455652,,TP,D2
def:polynomial-ring,def:solvability-by-radicals,Q1455652,,TP,D2
def:polynomial-ring,def:splitting-field,Q1455652,,TP,D2
def:polynomial-ring,def:transcendental,Q1455652,,TP,D2
def:positive-definite,def:absolute-value,Q1052034,Q120812,TP,D2
def:positive-variation,def:negative-variation,,,TP,D2
def:positive-variation,def:total-variation,,Q1936288,TP,D2
def:power-series,def:analytic-function,,,TP,D2
def:power-series,def:complex-exponential,,,TP,D2
def:power-series,def:radius-of-convergence,,,TP,D2
def:power-set,def:outer-measure,Q205170,Q258374,TP,D2
def:power-set,def:partition-of-a-set,Q205170,,TP,D2
def:power-set,def:σ-algebra,Q205170,Q217357,TP,D2
def:prime-element-of-an-integral-domain,def:prime-number,Q240651,Q49008,TP,D2
def:prime-ideal,def:prime-element-of-an-integral-domain,Q863912,Q240651,TP,D2
def:prime-number,def:cyclotomic-polynomial,Q49008,,TP,D2
def:prime-number,def:elementary-abelian-p-group,Q49008,Q1017231,TP,D2
def:primitive-root-of-unity,def:cyclotomic-field,,,TP,D2
def:primitive-root-of-unity,def:cyclotomic-polynomial,,,TP,D2
def:principal-ideal,def:greatest-common-divisor,Q44382,Q131752,TP,D2
def:principal-ideal,def:principal-ideal-domain,Q44382,Q1143969,TP,D2
def:principal-part,def:isolated-singularity,,,TP,D2
def:product-topology,def:topological-group,,Q1046291,TP,D2
def:quotient-by-equivalence-relation,def:quotient-by-normal-subgroup,Q3966112,Q1138961,TP,D2
def:quotient-by-equivalence-relation,def:quotient-of-topological-spaces,Q3966112,Q1139111,TP,D2
def:quotient-by-normal-subgroup,def:abelianization,Q1138961,Q318598,TP,D2
def:quotient-by-normal-subgroup,def:composition-series-of-a-group,Q1138961,Q2525646,TP,D2
def:quotient-by-normal-subgroup,def:quotient-by-subgroup,Q1138961,Q1138961,TP,D2
def:quotient-by-normal-subgroup,def:solvable-group,Q1138961,Q759832,TP,D2
def:quotient-by-normal-subgroup,def:weyl-group,Q1138961,Q768074,TP,D2
def:quotient-of-modules,def:composition-series-of-a-module,Q1432554,Q2525646,TP,D2
def:quotient-of-topological-spaces,def:wedge-sum,Q1139111,Q1781358,TP,D2
def:quotient-vector-space,def:exterior-power-of-a-vector-space,Q1393796,Q13408581,TP,D2
def:quotient-vector-space,def:lp-space,Q1393796,Q305936,TP,D2
def:quotient-vector-space,def:quotient-of-lie-algebra-by-ideal,Q1393796,Q2589508,TP,D2
def:quotient-vector-space,def:real-projective-space,Q1393796,,TP,D2
def:quotient-vector-space,def:symmetric-power-of-vector-spaces,Q1393796,,TP,D2
def:quotient-vector-space,def:tensor-product-of-vector-spaces,Q1393796,,TP,D2
def:radical-of-a-lie-algebra,def:semisimple-lie-algebra,,Q2366896,TP,D2
def:radius-of-convergence,def:complex-exponential,,,TP,D2
def:rank-of-a-module,def:schur-polynomials,,,TP,D2
def:real-symplectic-group,def:complex-symplectic-group,Q936434,,TP,D2
def:rectangle,def:component-interval,Q209,,TP,D2
def:rectangle,def:lebesgue-outer-measure,Q209,Q25447455,TP,D2
def:rectangle,def:lower-integral,Q209,,TP,D2
def:rectangle,def:lower-sum,Q209,,TP,D2
def:rectangle,def:measure-zero,Q209,Q1201815,TP,D2
def:rectangle,def:mesh,Q209,,TP,D2
def:rectangle,def:partition-of-a-rectangle,Q209,,TP,D2
def:rectangle,def:riemann-integrable,Q209,Q697181,TP,D2
def:rectangle,def:subrectangle,Q209,,TP,D2
def:rectangle,def:upper-integral,Q209,,TP,D2
def:rectangle,def:upper-sum,Q209,,TP,D2
def:rectangle,def:volume,Q209,Q39297,TP,D2
def:rectangle,def:width,Q209,Q35059,TP,D2
def:rectifiable,def:centroid,Q3038340,Q511093,TP,D2
def:rectifiable,def:simple-region,Q3038340,,TP,D2
def:rectifiable,def:volume-of-a-rectifiable-set,Q3038340,Q39297,TP,D2
def:reduced-edge-path,def:tree,,Q272735,TP,D2
def:reflexive,def:equivalence-relation,Q621850,Q130998,TP,D2
def:reflexive,def:partially-ordered-set,Q621850,,TP,D2
def:riemann-integrable,def:centroid,Q697181,Q511093,TP,D2
def:riemann-integrable,def:complex-integral,Q697181,,TP,D2
def:riemann-integrable,def:rectifiable,Q697181,Q3038340,TP,D2
def:riemann-integrable,def:volume-of-a-rectifiable-set,Q697181,Q39297,TP,D2
def:right-algebra-ideal,def:algebra-ideal,,,TP,D2
def:right-coset,def:normal-subgroup,Q751969,Q743179,TP,D2
def:right-identity-element,def:identity-element,Q185813,Q185813,TP,D2
def:right-inverse-element,def:inverse-element,Q338057,Q338057,TP,D2
def:right-ring-ideal,def:ring-ideal,Q44649,Q44649,TP,D2
def:ring,def:algebra-homomorphism,Q161172,Q382497,TP,D2
def:ring,def:algebra-ideal,Q161172,,TP,D2
def:ring,def:algebra-over-a-field,Q161172,Q1000660,TP,D2
def:ring,def:center-of-an-algebra,Q161172,,TP,D2
def:ring,def:comaximal-ring-ideals,Q161172,,TP,D2
def:ring,def:composition-series-of-a-module,Q161172,Q2525646,TP,D2
def:ring,def:coprime,Q161172,Q104752,TP,D2
def:ring,def:direct-sum-of-module-homomorphisms,Q161172,,TP,D2
def:ring,def:direct-sum-of-modules,Q161172,Q1142861,TP,D2
def:ring,def:discriminant,Q161172,,TP,D2
def:ring,def:division-in-a-ring,Q161172,Q1226939,TP,D2
def:ring,def:division-ring,Q161172,Q650741,TP,D2
def:ring,def:elementary-symmetric-polynomials,Q161172,,TP,D2
def:ring,def:euclidean-domain,Q161172,Q867345,TP,D2
def:ring,def:finite-length-r-module,Q161172,Q1761084,TP,D2
def:ring,def:finitely-generated-r-module,Q161172,Q1340572,TP,D2
def:ring,def:fraction-ring,Q161172,,TP,D2
def:ring,def:free-module,Q161172,Q1292333,TP,D2
def:ring,def:gaussian-integers,Q161172,Q724975,TP,D2
def:ring,def:general-linear-algebra,Q161172,Q17521172,TP,D2
def:ring,def:generate-a-ring-ideal,Q161172,,TP,D2
def:ring,def:generate-an-r-module,Q161172,Q25106477,TP,D2
def:ring,def:greatest-common-divisor,Q161172,Q131752,TP,D2
def:ring,def:group-ring,Q161172,Q2602722,TP,D2
def:ring,def:idempotent,Q161172,Q2243424,TP,D2
def:ring,def:integral-domain,Q161172,Q628792,TP,D2
def:ring,def:kernel-of-module-homomorphism,Q161172,,TP,D2
def:ring,def:left-algebra-ideal,Q161172,,TP,D2
def:ring,def:left-ring-ideal,Q161172,Q44649,TP,D2
def:ring,def:linearly-independent,Q161172,Q27670,TP,D2
def:ring,def:maximal-ring-ideal,Q161172,Q1203540,TP,D2
def:ring,def:module-homomorphism,Q161172,Q215111,TP,D2
def:ring,def:module-over-a-ring,Q161172,Q18848,TP,D2
def:ring,def:nilpotent,Q161172,Q840023,TP,D2
def:ring,def:noetherian-module,Q161172,Q2444982,TP,D2
def:ring,def:noetherian-ring,Q161172,Q582271,TP,D2
def:ring,def:polynomial-ring,Q161172,Q1455652,TP,D2
def:ring,def:power-series,Q161172,,TP,D2
def:ring,def:prime-ideal,Q161172,Q863912,TP,D2
def:ring,def:principal-ideal,Q161172,Q44382,TP,D2
def:ring,def:product-of-ring-ideals,Q161172,,TP,D2
def:ring,def:projection,Q161172,Q519967,TP,D2
def:ring,def:proper-ring-ideal,Q161172,,TP,D2
def:ring,def:quotient-of-modules,Q161172,Q1432554,TP,D2
def:ring,def:quotient-ring,Q161172,Q619436,TP,D2
def:ring,def:rank-of-a-module,Q161172,,TP,D2
def:ring,def:right-algebra-ideal,Q161172,,TP,D2
def:ring,def:right-ring-ideal,Q161172,Q44649,TP,D2
def:ring,def:ring-homomorphism,Q161172,Q1194212,TP,D2
def:ring,def:ring-ideal,Q161172,Q44649,TP,D2
def:ring,def:ring-norm,Q161172,Q110571247,TP,D2
def:ring,def:rng,Q161172,Q17102802,TP,D2
def:ring,def:sum-of-modules,Q161172,,TP,D2
def:ring,def:sum-of-ring-ideals,Q161172,,TP,D2
def:ring,def:topological-ring,Q161172,Q922339,TP,D2
def:ring,def:unit-of-a-ring,Q161172,Q118084,TP,D2
def:ring,def:unital-subring,Q161172,Q929536,TP,D2
def:ring,def:zero-divisor,Q161172,Q828111,TP,D2
def:ring-homomorphism,def:quotient-ring,Q1194212,Q619436,TP,D2
def:ring-ideal,def:algebra-ideal,Q44649,,TP,D2
def:ring-ideal,def:comaximal-ring-ideals,Q44649,,TP,D2
def:ring-ideal,def:division-in-a-ring,Q44649,Q1226939,TP,D2
def:ring-ideal,def:generate-a-ring-ideal,Q44649,,TP,D2
def:ring-ideal,def:generate-an-algebra-ideal,Q44649,,TP,D2
def:ring-ideal,def:greatest-common-divisor,Q44649,Q131752,TP,D2
def:ring-ideal,def:maximal-ring-ideal,Q44649,Q1203540,TP,D2
def:ring-ideal,def:prime-element-of-an-integral-domain,Q44649,Q240651,TP,D2
def:ring-ideal,def:prime-ideal,Q44649,Q863912,TP,D2
def:ring-ideal,def:principal-ideal,Q44649,Q44382,TP,D2
def:ring-ideal,def:principal-ideal-domain,Q44649,Q1143969,TP,D2
def:ring-ideal,def:product-of-ring-ideals,Q44649,,TP,D2
def:ring-ideal,def:proper-ring-ideal,Q44649,,TP,D2
def:ring-ideal,def:quotient-ring,Q44649,Q619436,TP,D2
def:ring-ideal,def:sum-of-ring-ideals,Q44649,,TP,D2
def:ring-norm,def:euclidean-domain,Q110571247,Q867345,TP,D2
def:ring-norm,def:gaussian-integers,Q110571247,Q724975,TP,D2
def:ring-of-subsets,def:pre-measure,Q2064647,Q1393014,TP,D2
def:rng,def:algebra-ideal,Q17102802,,TP,D2
def:row-operations,def:elementary-matrix,,Q609566,TP,D2
def:second-countable,def:manifold,Q1363919,Q203920,TP,D2
def:second-countable,def:topological-m-dimensional-manifold-with-boundary,Q1363919,Q203920,TP,D2
def:semigroup,def:centralizer-of-a-subset,Q207348,Q190629,TP,D2
def:semigroup,def:group,Q207348,Q83478,TP,D2
def:semigroup,def:monoid,Q207348,Q208237,TP,D2
def:semigroup,def:normalizer-of-a-group,Q207348,Q1761121,TP,D2
def:semigroup,def:rng,Q207348,Q17102802,TP,D2
def:semisimple-module,def:multiplicity-of-simple-module-in-semisimple-module,Q1485102,,TP,D2
def:separable-field,def:galois-extension,,,TP,D2
def:separable-polynomial,def:galois-group-of-a-polynomial,,,TP,D2
def:separable-polynomial,def:separable-field,,,TP,D2
def:sequence-convergence,def:complete-metric-space,,Q848569,TP,D2
def:sequence-convergence,def:continuous,,Q170058,TP,D2
def:sequence-convergence,def:convergence-in-measure,,Q768656,TP,D2
def:sequence-convergence,def:limit-point,,Q858223,TP,D2
def:sequence-convergence,def:matrix-logarithm,,Q902017,TP,D2
def:sequence-convergence,def:sequentially-compact,,Q1135427,TP,D2
def:signed-measure,def:negative-variation,Q1764371,,TP,D2
def:signed-measure,def:positive-variation,Q1764371,,TP,D2
def:signed-measure,def:total-variation,Q1764371,Q1936288,TP,D2
def:simple-field-extension,def:degree-of-field-extension,,,TP,D2
def:simple-function,def:lebesgue-integral,Q913022,,TP,D2
def:simple-function,def:lebesgue-integral-of-a-simple-function,Q913022,,TP,D2
def:simple-group,def:composition-series-of-a-group,Q571124,Q2525646,TP,D2
def:simple-group,def:solvability-by-radicals,Q571124,,TP,D2
def:simple-module,def:composition-series-of-a-module,Q956233,Q2525646,TP,D2
def:simple-module,def:semisimple-module,Q956233,Q1485102,TP,D2
def:smooth,def:embedded-m-dimensional-manifold,Q868473,Q203920,TP,D2
def:smooth,def:embedded-m-dimensional-manifold-with-boundary,Q868473,Q1333611,TP,D2
def:smooth,def:partition-of-unity,Q868473,Q191690,TP,D2
def:smooth,def:smooth-topological-m-dimensional-manifold-with-boundary,Q868473,Q78338964,TP,D2
def:solvable-lie-algebra,def:radical-of-a-lie-algebra,Q7558992,,TP,D2
def:span,def:basis,Q209812,Q189569,TP,D2
def:span,def:exterior-power-of-a-vector-space,Q209812,Q13408581,TP,D2
def:span,def:quaternion-algebra,Q209812,Q173853,TP,D2
def:span,def:symmetric-power-of-vector-spaces,Q209812,,TP,D2
def:splitting-field,def:galois-group-of-a-polynomial,,,TP,D2
def:splitting-field,def:normal-extension,,,TP,D2
def:stabilizer-under-group-action,def:free-group-action,,,TP,D2
def:subalgebra,def:direct-sum-decomposition-of-a-lie-algebra,Q629933,Q13582243,TP,D2
def:subalgebra,def:left-algebra-ideal,Q629933,,TP,D2
def:subalgebra,def:linear-lie-algebra,Q629933,Q16977077,TP,D2
def:subalgebra,def:right-algebra-ideal,Q629933,,TP,D2
def:subalgebra,def:special-linear-algebra,Q629933,Q7574831,TP,D2
def:subgraph,def:maximal-subtree,Q7631151,Q831672,TP,D2
def:subgroup,def:alternating-group,Q466109,Q438814,TP,D2
def:subgroup,def:automorphism-group,Q466109,Q60790315,TP,D2
def:subgroup,def:characteristic-subgroup,Q466109,Q747027,TP,D2
def:subgroup,def:commutator-subgroup,Q466109,Q522216,TP,D2
def:subgroup,def:complex-orthogonal-group,Q466109,,TP,D2
def:subgroup,def:complex-symplectic-group,Q466109,,TP,D2
def:subgroup,def:conjugate-subgroups,Q466109,,TP,D2
def:subgroup,def:cycle,Q466109,Q212130,TP,D2
def:subgroup,def:frattini-subgroup,Q466109,Q176244,TP,D2
def:subgroup,def:g-harmonic-polynomial,Q466109,,TP,D2
def:subgroup,def:generalized-orthogonal-group,Q466109,,TP,D2
def:subgroup,def:index-of-a-subgroup,Q466109,Q1464168,TP,D2
def:subgroup,def:left-ring-ideal,Q466109,Q44649,TP,D2
def:subgroup,def:lower-central-series,Q466109,Q109314515,TP,D2
def:subgroup,def:maximal-subgroup,Q466109,Q16908484,TP,D2
def:subgroup,def:normal-series,Q466109,,TP,D2
def:subgroup,def:normal-subgroup,Q466109,Q743179,TP,D2
def:subgroup,def:order-of-a-group-element,Q466109,Q54555759,TP,D2
def:subgroup,def:orthogonal-group,Q466109,Q1783179,TP,D2
def:subgroup,def:quotient-by-subgroup,Q466109,Q1138961,TP,D2
def:subgroup,def:real-symplectic-group,Q466109,Q936434,TP,D2
def:subgroup,def:right-coset,Q466109,Q751969,TP,D2
def:subgroup,def:right-ring-ideal,Q466109,Q44649,TP,D2
def:subgroup,def:simple-group,Q466109,Q571124,TP,D2
def:subgroup,def:special-linear-group,Q466109,Q2140900,TP,D2
def:subgroup,def:special-orthogonal-group,Q466109,Q3117934,TP,D2
def:subgroup,def:special-unitary-group,Q466109,Q684363,TP,D2
def:subgroup,def:subnormal-series,Q466109,,TP,D2
def:subgroup,def:sylow-p-subgroup,Q466109,Q78269866,TP,D2
def:subgroup,def:torsion-subgroup,Q466109,Q2293759,TP,D2
def:subgroup,def:unitary-group,Q466109,Q1500617,TP,D2
def:subgroup,def:upper-central-series,Q466109,,TP,D2
def:subgroup,def:weyl-group,Q466109,Q768074,TP,D2
def:subgroup,def:young-subgroup,Q466109,,TP,D2
def:subinterval,def:subrectangle,,,TP,D2
def:submodule,def:annihilator-of-a-submodule,Q2498094,Q567083,TP,D2
def:submodule,def:composition-series-of-a-module,Q2498094,Q2525646,TP,D2
def:submodule,def:generate-an-r-module,Q2498094,Q25106477,TP,D2
def:submodule,def:noetherian-module,Q2498094,Q2444982,TP,D2
def:submodule,def:quotient-of-modules,Q2498094,Q1432554,TP,D2
def:submodule,def:simple-module,Q2498094,Q956233,TP,D2
def:submodule,def:sum-of-modules,Q2498094,,TP,D2
def:submodule,def:torsion-free-module,Q2498094,Q7827200,TP,D2
def:subnormal-series,def:composition-series-of-a-group,,Q2525646,TP,D2
def:subnormal-series,def:solvable-group,,Q759832,TP,D2
def:subrectangle,def:lower-sum,,,TP,D2
def:subrectangle,def:upper-sum,,,TP,D2
def:subrepresentation,def:irreducible-representation,Q55648664,Q13690522,TP,D2
def:subrepresentation,def:isotypic-component,Q55648664,Q17098238,TP,D2
def:subspace-topology,def:compactly-closed,Q660730,,TP,D2
def:subspace-topology,def:differentiability-in-closed-half-space,Q660730,,TP,D2
def:subspace-topology,def:embedded-m-dimensional-manifold-with-boundary,Q660730,Q1333611,TP,D2
def:subspace-topology,def:outward-pointing,Q660730,Q2748415,TP,D2
def:subspace-topology,def:quotient-of-topological-spaces,Q660730,Q1139111,TP,D2
def:subspace-topology,def:weak-hausdorff,Q660730,Q7977932,TP,D2
def:sum-of-ring-ideals,def:comaximal-ring-ideals,,,TP,D2
def:support,def:compact-support,Q1136376,,TP,D2
def:support,def:haar-integral,Q1136376,,TP,D2
def:supremum,def:diameter-of-a-set,,,TP,D2
def:supremum,def:lattice,,,TP,D2
def:supremum,def:lattice-complement,,,TP,D2
def:supremum,def:lebesgue-integral,,,TP,D2
def:supremum,def:lower-integral,,,TP,D2
def:surjective,def:bijective,Q229102,Q180907,TP,D2
def:surjective,def:embedded-m-dimensional-manifold,Q229102,Q203920,TP,D2
def:surjective,def:quotient-of-topological-spaces,Q229102,Q1139111,TP,D2
def:surjective,def:quotient-ring,Q229102,Q619436,TP,D2
def:symmetric,def:equivalence-relation,Q621461,Q130998,TP,D2
def:symmetric,def:generalized-orthogonal-group,Q621461,,TP,D2
def:symmetric-difference,def:baire-property,Q1147242,Q803931,TP,D2
def:symmetric-group,def:alternating-group,Q849512,Q438814,TP,D2
def:symmetric-group,def:automorphism-group,Q849512,Q60790315,TP,D2
def:symmetric-group,def:cycle,Q849512,Q212130,TP,D2
def:symmetric-group,def:cycle-type,Q849512,,TP,D2
def:symmetric-group,def:faithful-group-action,Q849512,,TP,D2
def:symmetric-group,def:group-action,Q849512,Q288465,TP,D2
def:symmetric-group,def:schur-polynomials,Q849512,,TP,D2
def:symmetric-group,def:sign-of-permutation,Q849512,Q1064405,TP,D2
def:symmetric-group,def:symmetric-power-of-vector-spaces,Q849512,,TP,D2
def:symmetric-group,def:transposition,Q849512,Q2666112,TP,D2
def:symmetric-group,def:young-subgroup,Q849512,,TP,D2
def:symmetric-power-of-vector-spaces,def:symmetric-power-of-group-representations,,Q55643402,TP,D2
def:tangent-space,def:outward-pointing,Q909601,Q2748415,TP,D2
def:tensor-product-of-vector-spaces,def:exterior-power-of-a-vector-space,,Q13408581,TP,D2
def:tensor-product-of-vector-spaces,def:symmetric-power-of-vector-spaces,,,TP,D2
def:tensor-product-of-vector-spaces,def:tensor-product-of-group-representations,,Q48995828,TP,D2
def:tensor-product-of-vector-spaces,def:trace,,Q321102,TP,D2
def:topological-basis,def:generate-a-topology,,,TP,D2
def:topological-basis,def:product-topology,,,TP,D2
def:topological-game,def:banach-mazur-game,Q7825035,Q3459695,TP,D2
def:topological-group,def:continuous-group-representation,Q1046291,,TP,D2
def:topological-group,def:l2-inner-product-on-group-functions,Q1046291,,TP,D2
def:topological-group,def:locally-compact-group,Q1046291,Q2147620,TP,D2
def:topological-group,def:multiplicative-character,Q1046291,Q17099189,TP,D2
def:topological-group,def:pontryagin-dual,Q1046291,Q1632419,TP,D2
def:topological-m-dimensional-manifold-with-boundary,def:boundary-points-of-a-manifold,Q203920,Q875399,TP,D2
def:topological-m-dimensional-manifold-with-boundary,def:interior-points-of-a-manifold,Q203920,Q862761,TP,D2
def:topological-m-dimensional-manifold-with-boundary,def:smooth-topological-m-dimensional-manifold-with-boundary,Q203920,Q78338964,TP,D2
def:topological-ring,def:topological-field,Q922339,Q10260753,TP,D2
def:topological-space,def:alexandroff-space,Q179899,,TP,D2
def:topological-space,def:atlas,Q179899,,TP,D2
def:topological-space,def:baire-class,Q179899,Q2976036,TP,D2
def:topological-space,def:baire-property,Q179899,Q803931,TP,D2
def:topological-space,def:baire-space,Q179899,,TP,D2
def:topological-space,def:banach-mazur-game,Q179899,Q3459695,TP,D2
def:topological-space,def:based-topological-space,Q179899,,TP,D2
def:topological-space,def:borel-σ-algebra,Q179899,Q1080067,TP,D2
def:topological-space,def:boundary,Q179899,Q875399,TP,D2
def:topological-space,def:category-of-topological-spaces,Q179899,,TP,D2
def:topological-space,def:closed,Q179899,Q320357,TP,D2
def:topological-space,def:closure,Q179899,Q320346,TP,D2
def:topological-space,def:comeager,Q179899,Q97623888,TP,D2
def:topological-space,def:compact,Q179899,Q381892,TP,D2
def:topological-space,def:compactly-closed,Q179899,,TP,D2
def:topological-space,def:connected,Q179899,Q1491995,TP,D2
def:topological-space,def:continuous,Q179899,Q170058,TP,D2
def:topological-space,def:continuous-group-representation,Q179899,,TP,D2
def:topological-space,def:contractible,Q179899,Q230689,TP,D2
def:topological-space,def:dense,Q179899,Q673444,TP,D2
def:topological-space,def:discrete-topology,Q179899,Q91267214,TP,D2
def:topological-space,def:exterior,Q179899,Q1322786,TP,D2
def:topological-space,def:fundamental-group,Q179899,Q662830,TP,D2
def:topological-space,def:g-space,Q179899,,TP,D2
def:topological-space,def:generate-a-topology,Q179899,,TP,D2
def:topological-space,def:haar-integral,Q179899,,TP,D2
def:topological-space,def:hausdorff,Q179899,Q326908,TP,D2
def:topological-space,def:homeomorphism,Q179899,Q202906,TP,D2
def:topological-space,def:induced-homomorphism-on-fundamental-group,Q179899,,TP,D2
def:topological-space,def:interior,Q179899,Q862761,TP,D2
def:topological-space,def:isolated-point,Q179899,Q1142889,TP,D2
def:topological-space,def:limit-point,Q179899,Q858223,TP,D2
def:topological-space,def:locally-compact-group,Q179899,Q2147620,TP,D2
def:topological-space,def:locally-finite-cover,Q179899,Q643300,TP,D2
def:topological-space,def:locally-finite-graph,Q179899,,TP,D2
def:topological-space,def:locally-finite-measure,Q179899,Q2136937,TP,D2
def:topological-space,def:locally-path-connected,Q179899,Q16671984,TP,D2
def:topological-space,def:manifold,Q179899,Q203920,TP,D2
def:topological-space,def:meager,Q179899,Q1747745,TP,D2
def:topological-space,def:metric-space,Q179899,Q180953,TP,D2
def:topological-space,def:neighborhood,Q179899,Q2478475,TP,D2
def:topological-space,def:nonmeager,Q179899,Q97623888,TP,D2
def:topological-space,def:nowhere-dense,Q179899,Q1991405,TP,D2
def:topological-space,def:open,Q179899,Q213363,TP,D2
def:topological-space,def:open-cover,Q179899,Q41509136,TP,D2
def:topological-space,def:opposite-topology,Q179899,,TP,D2
def:topological-space,def:path,Q179899,Q1366002,TP,D2
def:topological-space,def:path-connected,Q179899,Q3487687,TP,D2
def:topological-space,def:perfect-set,Q179899,Q7168101,TP,D2
def:topological-space,def:product-topology,Q179899,,TP,D2
def:topological-space,def:quotient-of-topological-spaces,Q179899,Q1139111,TP,D2
def:topological-space,def:radon-measure,Q179899,Q2126650,TP,D2
def:topological-space,def:semi-locally-simply-connected,Q179899,Q7449310,TP,D2
def:topological-space,def:sequence-convergence,Q179899,,TP,D2
def:topological-space,def:sequentially-compact,Q179899,Q1135427,TP,D2
def:topological-space,def:simply-connected,Q179899,Q912058,TP,D2
def:topological-space,def:subbasis,Q179899,,TP,D2
def:topological-space,def:subspace-topology,Q179899,Q660730,TP,D2
def:topological-space,def:t0-space,Q179899,,TP,D2
def:topological-space,def:t1-space,Q179899,,TP,D2
def:topological-space,def:topological-basis,Q179899,,TP,D2
def:topological-space,def:topological-game,Q179899,Q7825035,TP,D2
def:topological-space,def:topological-group,Q179899,Q1046291,TP,D2
def:topological-space,def:topological-m-dimensional-manifold-with-boundary,Q179899,Q203920,TP,D2
def:topological-space,def:topological-ring,Q179899,Q922339,TP,D2
def:topological-space,def:topology-of-the-union,Q179899,,TP,D2
def:topological-space,def:totally-disconnected,Q179899,Q1544261,TP,D2
def:topological-space,def:volume-of-compact-topological-space,Q179899,,TP,D2
def:topological-space,def:weak-hausdorff,Q179899,Q7977932,TP,D2
def:trace,def:special-linear-algebra,Q321102,Q7574831,TP,D2
def:transition-function,def:smooth-topological-m-dimensional-manifold-with-boundary,,Q78338964,TP,D2
def:transitive,def:equivalence-relation,Q64861,Q130998,TP,D2
def:transitive,def:partially-ordered-set,Q64861,,TP,D2
def:transitive-group-action,def:orbit,,Q17859776,TP,D2
def:tree,def:maximal-subtree,Q272735,Q831672,TP,D2
def:unit-of-a-ring,def:associate-elements-in-an-integral-domain,Q118084,,TP,D2
def:unit-of-a-ring,def:division-ring,Q118084,Q650741,TP,D2
def:unit-of-a-ring,def:irreducible-element-of-an-integral-domain,Q118084,Q2989575,TP,D2
def:unit-of-a-ring,def:monic,Q118084,,TP,D2
def:unit-of-a-ring,def:multiplicative-character,Q118084,Q17099189,TP,D2
def:unit-of-a-ring,def:unique-factorization-domain,Q118084,Q1052579,TP,D2
def:unitary-group,def:compact-symplectic-group,Q1500617,Q78484790,TP,D2
def:unitary-group,def:special-unitary-group,Q1500617,Q684363,TP,D2
def:unitary-group,def:unitary-group-representation,Q1500617,,TP,D2
def:unitary-matrix,def:special-unitary-group,Q727103,Q684363,TP,D2
def:unitary-matrix,def:unitary-group,Q727103,Q1500617,TP,D2
def:upper-central-series,def:nilpotent-group,,Q1755242,TP,D2
def:upper-integral,def:riemann-integrable,,Q697181,TP,D2
def:upper-sum,def:upper-integral,,,TP,D2
def:vector-space,def:adjoint-of-a-linear-transformation,Q125977,Q2858846,TP,D2
def:vector-space,def:adjoint-representation-of-a-lie-group,Q125977,Q1017106,TP,D2
def:vector-space,def:adjugate,Q125977,Q225107,TP,D2
def:vector-space,def:algebra-over-a-field,Q125977,Q1000660,TP,D2
def:vector-space,def:basis,Q125977,Q189569,TP,D2
def:vector-space,def:character-of-a-representation,Q125977,,TP,D2
def:vector-space,def:complexification-of-a-vector-space,Q125977,Q445569,TP,D2
def:vector-space,def:continuous-group-representation,Q125977,,TP,D2
def:vector-space,def:convex-set,Q125977,Q193657,TP,D2
def:vector-space,def:degree-of-field-extension,Q125977,,TP,D2
def:vector-space,def:differentiable,Q125977,Q636889,TP,D2
def:vector-space,def:differential-k-form,Q125977,Q1047080,TP,D2
def:vector-space,def:dimension-of-group-representation,Q125977,Q929302,TP,D2
def:vector-space,def:dimension-of-vector-space,Q125977,Q929302,TP,D2
def:vector-space,def:direct-sum-of-group-representations,Q125977,Q13582243,TP,D2
def:vector-space,def:direct-sum-of-lie-algebras,Q125977,Q13582243,TP,D2
def:vector-space,def:eigenvalue,Q125977,Q3553768,TP,D2
def:vector-space,def:eigenvector,Q125977,Q3555174,TP,D2
def:vector-space,def:exterior-power-of-a-vector-space,Q125977,Q13408581,TP,D2
def:vector-space,def:exterior-power-of-linear-transformation,Q125977,Q13408581,TP,D2
def:vector-space,def:field-extension,Q125977,,TP,D2
def:vector-space,def:functional,Q125977,Q579600,TP,D2
def:vector-space,def:general-linear-algebra,Q125977,Q17521172,TP,D2
def:vector-space,def:general-linear-group,Q125977,Q524607,TP,D2
def:vector-space,def:geometrically-independent,Q125977,,TP,D2
def:vector-space,def:group-representation,Q125977,Q1055807,TP,D2
def:vector-space,def:hermitian-inner-product,Q125977,Q77583424,TP,D2
def:vector-space,def:inner-product,Q125977,Q23924662,TP,D2
def:vector-space,def:inner-product-space,Q125977,Q214159,TP,D2
def:vector-space,def:invariant-subspace,Q125977,Q2706744,TP,D2
def:vector-space,def:kernel-of-linear-transformation,Q125977,,TP,D2
def:vector-space,def:lie-algebra,Q125977,Q664495,TP,D2
def:vector-space,def:lie-algebra-representation,Q125977,Q1136782,TP,D2
def:vector-space,def:linear-transformation,Q125977,Q207643,TP,D2
def:vector-space,def:linearly-dependent,Q125977,Q111783780,TP,D2
def:vector-space,def:minor,Q125977,Q1341061,TP,D2
def:vector-space,def:module-over-a-lie-algebra,Q125977,Q18848,TP,D2
def:vector-space,def:morphism-of-group-representations,Q125977,,TP,D2
def:vector-space,def:norm,Q125977,Q956437,TP,D2
def:vector-space,def:normed-linear-space,Q125977,Q956437,TP,D2
def:vector-space,def:orthogonal,Q125977,Q215067,TP,D2
def:vector-space,def:orthogonal-complement,Q125977,Q1780921,TP,D2
def:vector-space,def:projection,Q125977,Q519967,TP,D2
def:vector-space,def:quotient-of-lie-algebra-by-ideal,Q125977,Q2589508,TP,D2
def:vector-space,def:quotient-vector-space,Q125977,Q1393796,TP,D2
def:vector-space,def:span,Q125977,Q209812,TP,D2
def:vector-space,def:special-linear-algebra,Q125977,Q7574831,TP,D2
def:vector-space,def:symmetric-power-of-vector-spaces,Q125977,,TP,D2
def:vector-space,def:symplectic-algebra,Q125977,,TP,D2
def:vector-space,def:tangent-space,Q125977,Q909601,TP,D2
def:vector-space,def:trace,Q125977,Q321102,TP,D2
def:vector-space,def:trivial-group-representation,Q125977,Q7844662,TP,D2
def:vector-space,def:unitary-transformation,Q125977,Q2495534,TP,D2
def:vector-space,def:vector-subspace,Q125977,Q728435,TP,D2
def:vector-subspace,def:complex-lie-group,Q728435,Q5156554,TP,D2
def:vector-subspace,def:exterior-power-of-a-vector-space,Q728435,Q13408581,TP,D2
def:vector-subspace,def:g-invariant-subspace,Q728435,Q2706744,TP,D2
def:vector-subspace,def:invariant-polynomials-under-group-action,Q728435,,TP,D2
def:vector-subspace,def:invariant-subspace,Q728435,Q2706744,TP,D2
def:vector-subspace,def:orthogonal-complement,Q728435,Q1780921,TP,D2
def:vector-subspace,def:projection,Q728435,Q519967,TP,D2
def:vector-subspace,def:quotient-vector-space,Q728435,Q1393796,TP,D2
def:vector-subspace,def:subalgebra,Q728435,Q629933,TP,D2
def:vector-subspace,def:subrepresentation,Q728435,Q55648664,TP,D2
def:volume,def:lebesgue-outer-measure,Q39297,Q25447455,TP,D2
def:volume,def:lower-sum,Q39297,,TP,D2
def:volume,def:measure-zero,Q39297,Q1201815,TP,D2
def:volume,def:upper-sum,Q39297,,TP,D2
def:volume,def:volume-of-a-rectifiable-set,Q39297,Q39297,TP,D2
def:volume-of-a-rectifiable-set,def:centroid,Q39297,Q511093,TP,D2
def:volume-of-compact-topological-space,def:l2-inner-product-on-group-functions,,,TP,D2
def:zero-divisor,def:integral-domain,Q828111,Q628792,TP,D2
def:σ-algebra,def:borel-σ-algebra,Q217357,Q1080067,TP,D2
def:σ-algebra,def:generate-a-σ-algebra,Q217357,,TP,D2
def:σ-algebra,def:locally-finite-measure,Q217357,Q2136937,TP,D2
def:σ-algebra,def:measurable,Q217357,,TP,D2
